booking_id,flight_id,booking_date,status,status_valid_flag
B1000,AI192,2025-06-14 11:37:36.951,CANCELLED,True
B1002,SJ010,2025-08-25 11:37:36.951,CANCELLED,True
B1003,AI069,2025-12-30 11:37:36.951,CONFIRMED,True
B1004,UK003,2025-10-02 11:37:36.951,PENDING,True
B1005,AI048,2025-08-31 11:37:36.951,CONFIRMED,True
B1006,AI140,2025-06-29 11:37:36.951,CANCELLED,True
B1007,UK167,2026-03-12 11:37:36.951,CONFIRMED,True
B1008,AI245,2025-09-07 11:37:36.951,PENDING,True
B1009,SJ158,2025-04-28 11:37:36.951,CANCELLED,True
B1010,AI155,2025-11-24 11:37:36.951,CONFIRMED,True
B1011,AI179,2025-10-25 11:37:36.951,CONFIRMED,True
B1012,AI137,2025-08-15 11:37:36.951,PENDING,True
B1013,SJ001,2025-07-20 11:37:36.951,CONFIRMED,True
B1014,SJ172,2025-09-15 11:37:36.951,PENDING,True
B1016,UK027,2026-01-13 11:37:36.951,CANCELLED,True
B1017,UK067,2026-04-04 11:37:36.951,CONFIRMED,True
B1020,SJ112,2025-12-06 11:37:36.951,CONFIRMED,True
B1022,AI080,2026-03-25 11:37:36.951,CONFIRMED,True
B1024,AI115,2025-06-21 11:37:36.951,PENDING,True
B1025,SJ049,2026-03-18 11:37:36.951,PENDING,True
B1026,AI058,2025-06-27 11:37:36.951,CONFIRMED,True
B1027,UK036,2025-07-25 11:37:36.951,CONFIRMED,True
B1028,SJ239,2025-05-25 11:37:36.951,CANCELLED,True
B1031,AI060,2025-11-16 11:37:36.951,CANCELLED,True
B1032,UK021,2025-09-03 11:37:36.951,CANCELLED,True
B1034,SJ179,2025-12-31 11:37:36.951,CONFIRMED,True
B1036,SJ149,2025-11-24 11:37:36.951,PENDING,True
B1037,AI188,2026-03-20 11:37:36.951,PENDING,True
B1038,SJ093,2026-01-01 11:37:36.951,PENDING,True
B1039,SJ205,2025-08-21 11:37:36.951,CONFIRMED,True
B1041,UK176,2025-05-28 11:37:36.951,CONFIRMED,True
B1042,UK200,2025-12-02 11:37:36.951,CANCELLED,True
B1046,UK059,2025-10-14 11:37:36.951,CONFIRMED,True
B1048,SJ236,2025-09-19 11:37:36.951,PENDING,True
B1050,AI220,2026-01-15 11:37:36.951,PENDING,True
B1052,UK209,2025-12-30 11:37:36.951,CANCELLED,True
B1053,UK216,2026-04-01 11:37:36.951,PENDING,True
B1054,AI132,2026-04-11 11:37:36.951,CANCELLED,True
B1056,UK173,2026-03-24 11:37:36.951,CANCELLED,True
B1057,SJ047,2025-08-20 11:37:36.951,CANCELLED,True
B1058,SJ043,2025-12-07 11:37:36.951,PENDING,True
B1059,UK140,2026-01-03 11:37:36.951,CONFIRMED,True
B1062,UK153,2025-06-12 11:37:36.951,CANCELLED,True
B1064,UK145,2025-09-14 11:37:36.951,CONFIRMED,True
B1065,UK010,2026-03-06 11:37:36.951,CANCELLED,True
B1066,SJ003,2025-11-05 11:37:36.951,PENDING,True
B1067,SJ160,2025-07-23 11:37:36.951,PENDING,True
B1068,UK224,2025-11-22 11:37:36.951,PENDING,True
B1069,UK152,2025-08-02 11:37:36.951,CONFIRMED,True
B1070,SJ034,2025-09-22 11:37:36.951,CANCELLED,True
B1071,UK215,2025-12-21 11:37:36.951,CANCELLED,True
B1072,UK089,2025-08-10 11:37:36.951,CANCELLED,True
B1075,UK131,2026-01-03 11:37:36.951,CONFIRMED,True
B1076,UK055,2025-05-04 11:37:36.951,CONFIRMED,True
B1077,UK181,2025-05-03 11:37:36.951,PENDING,True
B1079,SJ085,2025-06-03 11:37:36.951,CONFIRMED,True
B1080,SJ023,2025-06-05 11:37:36.951,CONFIRMED,True
B1081,SJ202,2025-11-13 11:37:36.951,CANCELLED,True
B1082,SJ150,2025-09-09 11:37:36.951,CANCELLED,True
B1083,SJ116,2025-05-12 11:37:36.951,CANCELLED,True
B1085,UK150,2026-03-24 11:37:36.951,PENDING,True
B1086,SJ237,2026-02-16 11:37:36.951,CONFIRMED,True
B1087,AI221,2025-05-08 11:37:36.951,CANCELLED,True
B1088,SJ081,2026-03-25 11:37:36.951,PENDING,True
B1089,UK189,2025-09-03 11:37:36.951,CANCELLED,True
B1090,SJ068,2025-05-16 11:37:36.951,PENDING,True
B1092,UK187,2026-03-18 11:37:36.951,CONFIRMED,True
B1093,UK074,2025-05-11 11:37:36.951,CONFIRMED,True
B1094,UK004,2026-01-07 11:37:36.951,PENDING,True
B1096,UK068,2026-01-03 11:37:36.951,PENDING,True
B1100,UK077,2026-03-05 11:37:36.951,CONFIRMED,True
B1101,AI029,2025-07-19 11:37:36.951,CONFIRMED,True
B1103,AI242,2025-08-08 11:37:36.951,CANCELLED,True
B1104,AI242,2025-09-12 11:37:36.951,CANCELLED,True
B1105,SJ044,2025-09-11 11:37:36.951,CONFIRMED,True
B1106,UK063,2025-09-01 11:37:36.951,CONFIRMED,True
B1107,AI056,2025-05-19 11:37:36.951,CONFIRMED,True
B1108,UK207,2025-10-11 11:37:36.951,CANCELLED,True
B1109,UK166,2025-12-03 11:37:36.951,CANCELLED,True
B1111,UK134,2025-12-25 11:37:36.951,CANCELLED,True
B1113,SJ089,2025-11-23 11:37:36.951,CONFIRMED,True
B1115,AI025,2025-08-23 11:37:36.951,CONFIRMED,True
B1117,SJ222,2025-09-02 11:37:36.951,CONFIRMED,True
B1118,UK109,2026-04-03 11:37:36.951,CONFIRMED,True
B1119,SJ117,2025-11-25 11:37:36.951,CANCELLED,True
B1120,SJ142,2025-08-12 11:37:36.951,CONFIRMED,True
B1121,SJ142,2025-06-01 11:37:36.951,PENDING,True
B1122,AI030,2025-05-02 11:37:36.951,CANCELLED,True
B1126,AI072,2025-10-20 11:37:36.951,CONFIRMED,True
B1127,SJ154,2025-06-29 11:37:36.951,PENDING,True
B1128,AI031,2026-04-08 11:37:36.951,CONFIRMED,True
B1129,AI031,2025-09-18 11:37:36.951,PENDING,True
B1132,UK141,2025-06-20 11:37:36.951,CONFIRMED,True
B1136,UK156,2025-10-26 11:37:36.951,PENDING,True
B1137,AI094,2025-09-01 11:37:36.951,PENDING,True
B1138,AI038,2025-07-14 11:37:36.951,PENDING,True
B1140,SJ025,2026-01-23 11:37:36.951,CONFIRMED,True
B1141,SJ185,2025-10-28 11:37:36.951,CONFIRMED,True
B1144,AI091,2025-09-26 11:37:36.951,CONFIRMED,True
B1146,UK228,2025-08-30 11:37:36.951,PENDING,True
B1149,SJ218,2026-01-08 11:37:36.951,PENDING,True
B1150,UK083,2025-09-25 11:37:36.951,CONFIRMED,True
B1151,SJ007,2026-01-18 11:37:36.951,CANCELLED,True
B1152,AI077,2025-08-14 11:37:36.951,PENDING,True
B1153,UK017,2025-12-20 11:37:36.951,CANCELLED,True
B1156,SJ088,2026-03-25 11:37:36.951,CONFIRMED,True
B1157,SJ167,2025-06-28 11:37:36.951,CONFIRMED,True
B1159,UK071,2025-12-10 11:37:36.951,PENDING,True
B1160,AI178,2025-11-21 11:37:36.951,CANCELLED,True
B1161,UK104,2025-11-14 11:37:36.951,CONFIRMED,True
B1163,SJ235,2025-11-10 11:37:36.951,CANCELLED,True
B1165,AI129,2025-08-20 11:37:36.951,CANCELLED,True
B1166,SJ141,2026-01-23 11:37:36.951,CONFIRMED,True
B1167,SJ018,2026-02-02 11:37:36.951,CANCELLED,True
B1168,UK120,2025-10-14 11:37:36.951,CANCELLED,True
B1169,AI078,2025-11-15 11:37:36.951,CONFIRMED,True
B1170,AI079,2025-09-14 11:37:36.951,PENDING,True
B1171,UK087,2025-09-19 11:37:36.951,CANCELLED,True
B1172,UK133,2026-01-17 11:37:36.951,CONFIRMED,True
B1173,AI222,2025-06-01 11:37:36.951,CANCELLED,True
B1176,SJ226,2025-04-17 11:37:36.951,CANCELLED,True
B1177,SJ227,2025-07-29 11:37:36.951,CANCELLED,True
B1179,SJ078,2025-10-03 11:37:36.951,CONFIRMED,True
B1180,AI240,2026-04-10 11:37:36.951,PENDING,True
B1181,SJ002,2026-03-29 11:37:36.951,CANCELLED,True
B1182,AI044,2025-08-11 11:37:36.951,CANCELLED,True
B1183,UK076,2025-06-22 11:37:36.951,CANCELLED,True
B1185,SJ228,2025-08-16 11:37:36.951,CANCELLED,True
B1186,SJ074,2026-04-04 11:37:36.951,CONFIRMED,True
B1187,UK229,2025-08-04 11:37:36.951,PENDING,True
B1188,AI208,2026-04-04 11:37:36.951,CONFIRMED,True
B1189,AI019,2025-11-23 11:37:36.951,CONFIRMED,True
B1192,AI059,2025-06-23 11:37:36.951,CANCELLED,True
B1193,AI159,2025-05-22 11:37:36.951,PENDING,True
B1196,UK170,2026-01-15 11:37:36.951,CANCELLED,True
B1197,UK212,2025-05-19 11:37:36.951,CONFIRMED,True
B1199,SJ075,2025-12-13 11:37:36.951,PENDING,True
B1200,UK177,2025-09-17 11:37:36.951,CONFIRMED,True
B1201,UK206,2026-02-01 11:37:36.951,CANCELLED,True
B1202,UK079,2025-04-29 11:37:36.951,CANCELLED,True
B1203,UK040,2025-06-21 11:37:36.951,CONFIRMED,True
B1204,AI034,2025-07-25 11:37:36.951,CONFIRMED,True
B1205,UK034,2025-10-18 11:37:36.951,CONFIRMED,True
B1206,AI088,2025-07-02 11:37:36.951,CONFIRMED,True
B1207,AI128,2025-06-11 11:37:36.951,PENDING,True
B1209,AI233,2025-12-15 11:37:36.951,PENDING,True
B1210,AI012,2026-01-20 11:37:36.951,PENDING,True
B1211,AI084,2025-07-07 11:37:36.951,CONFIRMED,True
B1213,SJ061,2025-06-16 11:37:36.951,CONFIRMED,True
B1215,AI135,2025-08-08 11:37:36.951,CANCELLED,True
B1218,AI213,2025-11-13 11:37:36.951,PENDING,True
B1219,UK193,2026-02-15 11:37:36.951,CANCELLED,True
B1221,AI158,2026-03-06 11:37:36.951,CONFIRMED,True
B1222,UK208,2026-03-30 11:37:36.951,PENDING,True
B1224,UK185,2025-10-26 11:37:36.951,CONFIRMED,True
B1225,AI163,2026-01-13 11:37:36.951,PENDING,True
B1226,AI112,2025-08-23 11:37:36.951,CONFIRMED,True
B1227,AI227,2025-10-23 11:37:36.951,CANCELLED,True
B1228,SJ083,2026-04-17 11:37:36.951,CONFIRMED,True
B1229,UK073,2026-02-07 11:37:36.951,CONFIRMED,True
B1231,UK154,2026-04-06 11:37:36.951,CANCELLED,True
B1232,SJ169,2025-10-06 11:37:36.951,CONFIRMED,True
B1234,UK210,2025-11-21 11:37:36.951,CANCELLED,True
B1236,AI062,2025-07-05 11:37:36.951,CONFIRMED,True
B1239,AI217,2025-11-17 11:37:36.951,CANCELLED,True
B1240,UK100,2025-12-31 11:37:36.951,CONFIRMED,True
B1241,UK116,2025-12-16 11:37:36.951,CONFIRMED,True
B1243,AI175,2026-01-22 11:37:36.951,CANCELLED,True
B1244,UK051,2025-08-18 11:37:36.951,CONFIRMED,True
B1247,SJ138,2025-08-13 11:37:36.951,CANCELLED,True
B1248,AI246,2026-03-04 11:37:36.951,PENDING,True
B1251,UK015,2025-08-30 11:37:36.951,PENDING,True
B1252,UK001,2025-04-21 11:37:36.951,CANCELLED,True
B1255,UK165,2025-09-22 11:37:36.951,CANCELLED,True
B1257,AI082,2025-08-19 11:37:36.951,CANCELLED,True
B1258,AI164,2025-10-28 11:37:36.951,CANCELLED,True
B1259,SJ155,2026-01-19 11:37:36.951,CANCELLED,True
B1260,AI189,2026-01-04 11:37:36.951,CANCELLED,True
B1261,SJ057,2025-12-21 11:37:36.951,CONFIRMED,True
B1262,SJ198,2025-05-07 11:37:36.951,CONFIRMED,True
B1264,SJ097,2026-04-15 11:37:36.951,CONFIRMED,True
B1265,UK203,2025-08-06 11:37:36.951,PENDING,True
B1266,UK093,2026-01-16 11:37:36.951,CONFIRMED,True
B1267,AI205,2025-05-21 11:37:36.951,CANCELLED,True
B1272,AI068,2025-07-18 11:37:36.951,PENDING,True
B1274,UK008,2025-10-15 11:37:36.951,PENDING,True
B1277,AI196,2026-01-19 11:37:36.951,PENDING,True
B1278,SJ191,2025-08-09 11:37:36.951,CONFIRMED,True
B1280,AI226,2026-04-12 11:37:36.951,CONFIRMED,True
B1281,SJ207,2026-01-21 11:37:36.951,CANCELLED,True
B1282,AI009,2025-12-30 11:37:36.951,CANCELLED,True
B1284,SJ127,2026-02-22 11:37:36.951,CANCELLED,True
B1285,UK188,2026-03-26 11:37:36.951,CANCELLED,True
B1287,SJ098,2025-12-13 11:37:36.951,CANCELLED,True
B1289,SJ030,2026-03-23 11:37:36.951,PENDING,True
B1290,UK175,2025-07-26 11:37:36.951,CANCELLED,True
B1291,SJ108,2026-04-01 11:37:36.951,PENDING,True
B1293,UK222,2025-08-31 11:37:36.951,CONFIRMED,True
B1295,AI096,2025-12-29 11:37:36.951,CANCELLED,True
B1296,AI216,2025-12-23 11:37:36.951,CANCELLED,True
B1298,SJ194,2026-01-02 11:37:36.951,PENDING,True
B1299,SJ020,2025-09-11 11:37:36.951,CONFIRMED,True
B1301,AI051,2025-09-03 11:37:36.951,CONFIRMED,True
B1302,UK219,2025-12-27 11:37:36.951,PENDING,True
B1303,AI235,2025-12-13 11:37:36.951,CONFIRMED,True
B1305,SJ114,2025-09-28 11:37:36.951,PENDING,True
B1306,SJ076,2025-12-01 11:37:36.951,CONFIRMED,True
B1307,UK227,2026-01-26 11:37:36.951,PENDING,True
B1308,UK135,2025-07-22 11:37:36.951,CANCELLED,True
B1309,AI234,2025-05-06 11:37:36.951,CONFIRMED,True
B1311,SJ206,2025-11-16 11:37:36.951,PENDING,True
B1314,AI061,2025-04-28 11:37:36.951,CONFIRMED,True
B1316,SJ099,2026-01-06 11:37:36.951,PENDING,True
B1317,SJ146,2026-02-24 11:37:36.951,CANCELLED,True
B1318,SJ146,2025-05-23 11:37:36.951,CANCELLED,True
B1321,SJ029,2026-02-12 11:37:36.951,PENDING,True
B1322,UK084,2025-07-27 11:37:36.951,CONFIRMED,True
B1323,SJ048,2026-02-06 11:37:36.951,CONFIRMED,True
B1324,AI108,2026-02-04 11:37:36.951,CANCELLED,True
B1325,SJ134,2025-08-11 11:37:36.951,CANCELLED,True
B1326,UK146,2025-10-31 11:37:36.951,CONFIRMED,True
B1327,SJ036,2025-09-24 11:37:36.951,CONFIRMED,True
B1329,UK041,2026-02-13 11:37:36.951,CONFIRMED,True
B1331,AI097,2025-07-03 11:37:36.951,PENDING,True
B1332,UK159,2026-01-15 11:37:36.951,CONFIRMED,True
B1333,UK044,2025-09-06 11:37:36.951,CANCELLED,True
B1335,SJ221,2026-02-11 11:37:36.951,PENDING,True
B1339,AI237,2025-09-17 11:37:36.951,CANCELLED,True
B1342,UK149,2025-04-29 11:37:36.951,CONFIRMED,True
B1343,SJ163,2026-03-08 11:37:36.951,CONFIRMED,True
B1344,SJ243,2026-03-28 11:37:36.951,CONFIRMED,True
B1345,UK113,2025-06-06 11:37:36.951,CANCELLED,True
B1346,AI071,2025-06-07 11:37:36.951,PENDING,True
B1348,SJ015,2025-06-05 11:37:36.951,CANCELLED,True
B1349,UK047,2025-11-19 11:37:36.951,CANCELLED,True
B1350,UK020,2026-02-04 11:37:36.951,PENDING,True
B1351,AI122,2025-09-03 11:37:36.951,PENDING,True
B1352,UK223,2025-10-20 11:37:36.951,CANCELLED,True
B1354,SJ162,2025-12-14 11:37:36.951,CONFIRMED,True
B1356,AI173,2025-11-10 11:37:36.951,PENDING,True
B1358,AI053,2025-06-22 11:37:36.951,PENDING,True
B1359,AI241,2025-10-22 11:37:36.951,CONFIRMED,True
B1361,AI110,2025-08-24 11:37:36.951,PENDING,True
B1362,AI252,2025-10-22 11:37:36.951,CONFIRMED,True
B1363,AI149,2025-12-14 11:37:36.951,CANCELLED,True
B1364,AI224,2025-09-09 11:37:36.951,PENDING,True
B1365,UK158,2025-07-03 11:37:36.951,CANCELLED,True
B1367,UK164,2025-12-14 11:37:36.951,CONFIRMED,True
B1368,UK007,2025-12-26 11:37:36.951,CANCELLED,True
B1370,SJ004,2026-01-01 11:37:36.951,CANCELLED,True
B1372,SJ130,2025-05-11 11:37:36.951,CANCELLED,True
B1373,SJ070,2026-02-14 11:37:36.951,CANCELLED,True
B1374,AI085,2025-04-24 11:37:36.951,CANCELLED,True
B1375,SJ109,2025-09-02 11:37:36.951,CONFIRMED,True
B1376,AI168,2025-08-24 11:37:36.951,PENDING,True
B1377,UK123,2025-10-24 11:37:36.951,CONFIRMED,True
B1378,UK110,2026-01-16 11:37:36.951,PENDING,True
B1379,AI206,2025-11-02 11:37:36.951,PENDING,True
B1381,SJ013,2025-11-11 11:37:36.951,PENDING,True
B1382,UK061,2025-09-19 11:37:36.951,PENDING,True
B1383,AI010,2025-09-24 11:37:36.951,CANCELLED,True
B1384,AI024,2025-05-16 11:37:36.951,CONFIRMED,True
B1385,UK130,2025-06-08 11:37:36.951,CONFIRMED,True
B1386,AI161,2026-03-12 11:37:36.951,CANCELLED,True
B1387,SJ208,2025-07-23 11:37:36.951,PENDING,True
B1390,SJ028,2026-03-09 11:37:36.951,CANCELLED,True
B1391,SJ084,2025-11-26 11:37:36.951,CONFIRMED,True
B1392,AI139,2026-03-27 11:37:36.951,CONFIRMED,True
B1393,UK179,2026-04-06 11:37:36.951,PENDING,True
B1397,UK190,2026-02-05 11:37:36.951,CANCELLED,True
B1399,UK221,2025-05-31 11:37:36.951,PENDING,True
B1400,SJ107,2026-04-02 11:37:36.951,CANCELLED,True
B1402,UK183,2026-03-21 11:37:36.951,CANCELLED,True
B1403,SJ203,2025-05-08 11:37:36.951,PENDING,True
B1405,AI100,2025-08-26 11:37:36.951,PENDING,True
B1407,UK048,2025-08-26 11:37:36.951,CONFIRMED,True
B1408,SJ204,2025-07-29 11:37:36.951,CONFIRMED,True
B1409,UK105,2026-03-24 11:37:36.951,CONFIRMED,True
B1410,AI098,2026-04-13 11:37:36.951,CONFIRMED,True
B1414,SJ182,2026-01-07 11:37:36.951,CONFIRMED,True
B1416,SJ187,2025-08-17 11:37:36.951,CANCELLED,True
B1417,AI182,2025-08-18 11:37:36.951,PENDING,True
B1418,SJ027,2025-05-04 11:37:36.951,PENDING,True
B1419,SJ062,2026-01-20 11:37:36.951,CONFIRMED,True
B1420,SJ161,2026-02-24 11:37:36.951,CONFIRMED,True
B1422,AI181,2026-01-04 11:37:36.951,CANCELLED,True
B1423,AI003,2025-06-12 11:37:36.951,CONFIRMED,True
B1425,SJ175,2025-06-28 11:37:36.951,CANCELLED,True
B1427,SJ040,2026-04-15 11:37:36.951,CANCELLED,True
B1429,AI248,2025-05-08 11:37:36.951,CANCELLED,True
B1430,SJ016,2026-02-08 11:37:36.951,CONFIRMED,True
B1431,UK204,2025-11-21 11:37:36.951,CONFIRMED,True
B1433,SJ166,2025-05-07 11:37:36.951,CONFIRMED,True
B1434,AI036,2025-10-19 11:37:36.951,PENDING,True
B1435,SJ215,2025-09-18 11:37:36.951,CONFIRMED,True
B1436,AI076,2026-01-05 11:37:36.951,CONFIRMED,True
B1437,SJ012,2025-11-28 11:37:36.951,CANCELLED,True
B1439,SJ173,2025-11-09 11:37:36.951,CONFIRMED,True
B1440,AI193,2026-03-09 11:37:36.951,CANCELLED,True
B1442,AI225,2025-06-02 11:37:36.951,PENDING,True
B1443,AI190,2025-10-09 11:37:36.951,CANCELLED,True
B1444,SJ238,2025-12-25 11:37:36.951,CONFIRMED,True
B1446,UK136,2025-09-25 11:37:36.951,PENDING,True
B1447,SJ063,2025-05-21 11:37:36.951,CONFIRMED,True
B1449,AI037,2025-05-23 11:37:36.951,PENDING,True
B1450,UK225,2025-11-11 11:37:36.951,CONFIRMED,True
B1451,AI141,2025-05-20 11:37:36.951,CONFIRMED,True
B1454,AI045,2025-08-16 11:37:36.951,PENDING,True
B1455,AI198,2026-04-12 11:37:36.951,CONFIRMED,True
B1456,AI120,2025-04-24 11:37:36.951,PENDING,True
B1458,UK102,2025-11-19 11:37:36.951,CONFIRMED,True
B1459,SJ199,2025-06-10 11:37:36.951,CANCELLED,True
B1461,UK065,2025-10-14 11:37:36.951,PENDING,True
B1463,SJ148,2026-02-10 11:37:36.951,PENDING,True
B1464,AI083,2026-03-07 11:37:36.951,CANCELLED,True
B1465,UK024,2025-07-02 11:37:36.951,PENDING,True
B1466,UK220,2025-04-27 11:37:36.951,CANCELLED,True
B1467,UK115,2025-04-30 11:37:36.951,CANCELLED,True
B1468,AI255,2025-07-16 11:37:36.951,CONFIRMED,True
B1471,UK184,2026-03-28 11:37:36.951,PENDING,True
B1473,SJ168,2025-07-19 11:37:36.951,PENDING,True
B1474,SJ178,2025-07-28 11:37:36.951,CANCELLED,True
B1475,UK111,2026-03-07 11:37:36.951,CANCELLED,True
B1476,SJ051,2026-02-27 11:37:36.951,CANCELLED,True
B1477,SJ193,2025-07-06 11:37:36.951,CANCELLED,True
B1478,SJ039,2026-02-24 11:37:36.951,CONFIRMED,True
B1479,UK066,2025-12-17 11:37:36.951,CANCELLED,True
B1480,SJ050,2026-03-14 11:37:36.951,PENDING,True
B1482,SJ170,2025-08-29 11:37:36.951,PENDING,True
B1484,AI219,2025-05-07 11:37:36.951,CONFIRMED,True
B1486,AI207,2025-05-04 11:37:36.951,CONFIRMED,True
B1488,SJ073,2025-05-04 11:37:36.951,CANCELLED,True
B1489,SJ201,2025-07-08 11:37:36.951,CANCELLED,True
B1490,AI180,2026-03-10 11:37:36.951,CONFIRMED,True
B1491,UK022,2025-07-16 11:37:36.951,CONFIRMED,True
B1492,AI202,2026-03-27 11:37:36.951,CANCELLED,True
B1495,UK028,2025-10-15 11:37:36.952,CONFIRMED,True
B1497,AI165,2025-09-02 11:37:36.952,CONFIRMED,True
B1498,UK099,2025-07-18 11:37:36.952,PENDING,True
B1500,UK056,2025-04-30 11:37:36.952,CONFIRMED,True
B1501,SJ122,2025-09-04 11:37:36.952,CANCELLED,True
B1502,AI086,2025-10-15 11:37:36.952,CONFIRMED,True
B1503,SJ011,2025-10-17 11:37:36.952,CONFIRMED,True
B1504,SJ021,2025-04-21 11:37:36.952,PENDING,True
B1505,SJ106,2025-11-29 11:37:36.952,CONFIRMED,True
B1506,SJ026,2026-01-29 11:37:36.952,CANCELLED,True
B1507,SJ245,2025-11-27 11:37:36.952,PENDING,True
B1509,AI032,2025-09-25 11:37:36.952,CANCELLED,True
B1510,AI236,2025-05-11 11:37:36.952,CANCELLED,True
B1512,UK163,2025-12-21 11:37:36.952,PENDING,True
B1513,UK163,2025-06-30 11:37:36.952,CONFIRMED,True
B1514,SJ045,2025-05-07 11:37:36.952,CANCELLED,True
B1515,SJ006,2025-07-06 11:37:36.952,PENDING,True
B1516,SJ103,2025-08-05 11:37:36.952,CANCELLED,True
B1519,SJ064,2026-03-25 11:37:36.952,PENDING,True
B1520,AI028,2026-04-02 11:37:36.952,CONFIRMED,True
B1521,AI148,2025-11-08 11:37:36.952,PENDING,True
B1523,SJ067,2025-05-19 11:37:36.952,PENDING,True
B1526,SJ136,2025-11-15 11:37:36.952,CONFIRMED,True
B1527,AI046,2025-07-09 11:37:36.952,PENDING,True
B1528,UK174,2026-03-28 11:37:36.952,PENDING,True
B1532,UK118,2025-04-22 11:37:36.952,PENDING,True
B1533,UK218,2025-09-15 11:37:36.952,PENDING,True
B1534,UK031,2025-09-11 11:37:36.952,CONFIRMED,True
B1535,UK142,2026-04-02 11:37:36.952,PENDING,True
B1537,UK070,2025-10-08 11:37:36.952,CONFIRMED,True
B1538,SJ121,2026-03-17 11:37:36.952,PENDING,True
B1539,UK201,2025-06-11 11:37:36.952,CONFIRMED,True
B1540,AI138,2026-01-15 11:37:36.952,CANCELLED,True
B1541,SJ014,2025-12-16 11:37:36.952,CONFIRMED,True
B1542,SJ053,2025-12-13 11:37:36.952,PENDING,True
B1543,SJ241,2025-06-16 11:37:36.952,CANCELLED,True
B1544,AI249,2025-09-01 11:37:36.952,CANCELLED,True
B1545,AI176,2026-03-08 11:37:36.952,PENDING,True
B1546,SJ234,2026-04-02 11:37:36.952,PENDING,True
B1548,AI020,2025-10-04 11:37:36.952,CONFIRMED,True
B1549,AI020,2025-12-16 11:37:36.952,CONFIRMED,True
B1552,UK046,2026-02-06 11:37:36.952,PENDING,True
B1553,SJ217,2025-11-15 11:37:36.952,CONFIRMED,True
B1555,SJ139,2026-04-04 11:37:36.952,CONFIRMED,True
B1558,AI007,2025-08-07 11:37:36.952,PENDING,True
B1559,UK202,2026-01-20 11:37:36.952,CONFIRMED,True
B1560,AI200,2026-03-07 11:37:36.952,CONFIRMED,True
B1561,UK172,2026-01-27 11:37:36.952,PENDING,True
B1563,UK037,2025-09-11 11:37:36.952,PENDING,True
B1564,AI022,2025-08-14 11:37:36.952,PENDING,True
B1565,AI243,2026-02-06 11:37:36.952,CANCELLED,True
B1566,SJ174,2025-10-08 11:37:36.952,CONFIRMED,True
B1567,SJ079,2025-11-13 11:37:36.952,PENDING,True
B1568,UK097,2025-12-21 11:37:36.952,CONFIRMED,True
B1569,AI013,2025-12-26 11:37:36.952,CANCELLED,True
B1570,UK196,2025-11-21 11:37:36.952,CANCELLED,True
B1571,SJ213,2025-11-06 11:37:36.952,CONFIRMED,True
B1572,UK119,2025-05-26 11:37:36.952,CONFIRMED,True
B1573,AI043,2026-03-18 11:37:36.952,PENDING,True
B1574,AI043,2025-04-29 11:37:36.952,CANCELLED,True
B1575,AI143,2025-06-16 11:37:36.952,CANCELLED,True
B1578,AI134,2025-12-25 11:37:36.952,PENDING,True
B1580,SJ086,2025-10-08 11:37:36.952,CONFIRMED,True
B1582,UK168,2025-04-24 11:37:36.952,PENDING,True
B1584,UK075,2025-04-28 11:37:36.952,CANCELLED,True
B1586,SJ143,2025-11-13 11:37:36.952,CANCELLED,True
B1587,SJ246,2025-06-28 11:37:36.952,PENDING,True
B1588,SJ247,2025-11-04 11:37:36.952,CONFIRMED,True
B1589,UK157,2025-08-31 11:37:36.952,PENDING,True
B1590,UK069,2026-04-01 11:37:36.952,CONFIRMED,True
B1591,AI106,2025-11-20 11:37:36.952,CANCELLED,True
B1592,UK085,2025-11-17 11:37:36.952,CONFIRMED,True
B1594,AI067,2025-06-01 11:37:36.952,CONFIRMED,True
B1596,SJ210,2025-12-20 11:37:36.952,CONFIRMED,True
B1598,UK013,2026-01-02 11:37:36.952,CONFIRMED,True
B1599,UK013,2025-09-30 11:37:36.952,PENDING,True
B1600,UK143,2025-07-20 11:37:36.952,PENDING,True
B1603,SJ118,2025-12-06 11:37:36.952,CANCELLED,True
B1604,SJ118,2025-11-17 11:37:36.952,CANCELLED,True
B1605,SJ082,2025-10-03 11:37:36.952,CANCELLED,True
B1608,SJ110,2025-06-28 11:37:36.952,CANCELLED,True
B1609,SJ042,2025-10-21 11:37:36.952,CANCELLED,True
B1611,UK029,2026-01-05 11:37:36.952,CANCELLED,True
B1612,SJ200,2025-04-18 11:37:36.952,CANCELLED,True
B1613,SJ209,2026-01-29 11:37:36.952,CONFIRMED,True
B1616,SJ181,2025-12-23 11:37:36.952,PENDING,True
B1618,AI070,2026-01-19 11:37:36.952,CONFIRMED,True
B1619,UK042,2026-02-05 11:37:36.952,PENDING,True
B1620,AI169,2026-02-24 11:37:36.952,PENDING,True
B1622,SJ046,2025-06-23 11:37:36.952,PENDING,True
B1623,AI211,2025-08-17 11:37:36.952,CANCELLED,True
B1624,SJ091,2025-12-20 11:37:36.952,CANCELLED,True
B1625,AI123,2026-04-05 11:37:36.952,PENDING,True
B1627,UK012,2026-01-09 11:37:36.952,PENDING,True
B1629,AI250,2026-01-02 11:37:36.952,CONFIRMED,True
B1630,AI238,2026-04-07 11:37:36.952,PENDING,True
B1631,UK096,2026-02-17 11:37:36.952,CANCELLED,True
B1632,UK126,2026-03-30 11:37:36.952,PENDING,True
B1633,SJ195,2025-08-30 11:37:36.952,CONFIRMED,True
B1634,SJ171,2025-12-25 11:37:36.952,CANCELLED,True
B1636,SJ192,2025-05-27 11:37:36.952,CONFIRMED,True
B1638,UK088,2026-02-23 11:37:36.952,CONFIRMED,True
B1642,AI251,2026-02-15 11:37:36.952,PENDING,True
B1643,AI027,2026-02-04 11:37:36.952,PENDING,True
B1644,SJ165,2025-10-20 11:37:36.952,PENDING,True
B1645,UK081,2025-08-16 11:37:36.952,CONFIRMED,True
B1646,UK191,2025-09-27 11:37:36.952,CANCELLED,True
B1647,SJ188,2025-11-06 11:37:36.952,PENDING,True
B1651,SJ054,2025-09-09 11:37:36.952,CANCELLED,True
B1653,AI040,2026-03-26 11:37:36.952,CANCELLED,True
B1656,UK035,2025-05-12 11:37:36.952,CONFIRMED,True
B1657,AI005,2025-08-28 11:37:36.952,CONFIRMED,True
B1658,AI001,2025-06-22 11:37:36.952,CONFIRMED,True
B1659,UK211,2026-01-17 11:37:36.952,PENDING,True
B1660,SJ189,2026-04-04 11:37:36.952,CANCELLED,True
B1661,UK006,2025-04-21 11:37:36.952,PENDING,True
B1663,AI133,2025-05-16 11:37:36.952,CANCELLED,True
B1664,SJ216,2025-11-08 11:37:36.952,CONFIRMED,True
B1665,SJ133,2026-03-04 11:37:36.952,CANCELLED,True
B1666,UK082,2026-03-05 11:37:36.952,PENDING,True
B1669,AI011,2025-06-16 11:37:36.952,CONFIRMED,True
B1670,SJ225,2025-05-12 11:37:36.952,CANCELLED,True
B1671,SJ024,2025-07-08 11:37:36.952,CONFIRMED,True
B1672,AI109,2025-08-01 11:37:36.952,CANCELLED,True
B1674,UK057,2025-11-03 11:37:36.952,CANCELLED,True
B1676,AI197,2026-04-14 11:37:36.952,PENDING,True
B1677,UK127,2026-01-31 11:37:36.952,PENDING,True
B1681,SJ135,2026-04-02 11:37:36.952,CANCELLED,True
B1682,UK112,2025-07-10 11:37:36.952,CANCELLED,True
B1683,AI050,2025-08-07 11:37:36.952,CONFIRMED,True
B1684,UK060,2025-11-18 11:37:36.952,PENDING,True
B1685,SJ183,2025-05-15 11:37:36.952,CANCELLED,True
B1686,UK138,2025-11-17 11:37:36.952,CONFIRMED,True
B1687,SJ071,2025-10-12 11:37:36.952,PENDING,True
B1688,AI057,2025-06-14 11:37:36.952,PENDING,True
B1689,SJ151,2025-07-10 11:37:36.952,CANCELLED,True
B1690,SJ144,2025-06-28 11:37:36.952,PENDING,True
B1691,SJ087,2026-01-23 11:37:36.952,PENDING,True
B1692,SJ066,2026-04-02 11:37:36.952,CONFIRMED,True
B1693,AI247,2026-01-02 11:37:36.952,CONFIRMED,True
B1694,SJ102,2026-04-01 11:37:36.952,PENDING,True
B1697,AI204,2025-11-12 11:37:36.952,CANCELLED,True
B1698,AI016,2026-02-02 11:37:36.952,CONFIRMED,True
B1699,AI209,2025-12-11 11:37:36.952,PENDING,True
B1700,SJ211,2026-01-04 11:37:36.952,PENDING,True
B1702,UK182,2025-04-22 11:37:36.952,CONFIRMED,True
B1705,UK198,2026-01-31 11:37:36.952,CANCELLED,True
B1707,AI004,2025-07-05 11:37:36.952,CANCELLED,True
B1709,AI018,2025-10-03 11:37:36.952,CANCELLED,True
B1710,UK098,2025-08-05 11:37:36.952,CONFIRMED,True
B1712,AI228,2025-09-06 11:37:36.952,CANCELLED,True
B1713,SJ242,2025-08-31 11:37:36.952,CANCELLED,True
B1717,SJ125,2025-11-06 11:37:36.952,CANCELLED,True
B1718,UK117,2025-06-17 11:37:36.952,CANCELLED,True
B1720,AI201,2025-11-27 11:37:36.952,CANCELLED,True
B1721,SJ126,2026-03-25 11:37:36.952,PENDING,True
B1722,AI177,2026-02-10 11:37:36.952,PENDING,True
B1723,AI092,2025-12-23 11:37:36.952,CANCELLED,True
B1725,AI185,2025-04-29 11:37:36.952,PENDING,True
B1726,AI055,2025-05-14 11:37:36.952,CONFIRMED,True
B1728,AI090,2025-12-12 11:37:36.952,CONFIRMED,True
B1729,AI183,2025-06-03 11:37:36.952,PENDING,True
B1730,AI041,2025-04-29 11:37:36.952,PENDING,True
B1732,AI170,2026-01-15 11:37:36.952,CONFIRMED,True
B1733,SJ008,2026-04-16 11:37:36.952,CANCELLED,True
B1734,AI049,2025-09-29 11:37:36.952,PENDING,True
B1735,SJ132,2025-05-12 11:37:36.952,PENDING,True
B1736,SJ224,2026-01-26 11:37:36.952,CONFIRMED,True
B1737,UK038,2025-06-11 11:37:36.952,CONFIRMED,True
B1738,SJ220,2025-08-14 11:37:36.952,PENDING,True
B1740,SJ164,2025-11-16 11:37:36.952,CONFIRMED,True
B1741,AI026,2025-05-18 11:37:36.952,PENDING,True
B1744,UK139,2025-09-05 11:37:36.952,CANCELLED,True
B1745,UK139,2025-05-20 11:37:36.952,CONFIRMED,True
B1746,SJ140,2025-08-31 11:37:36.952,CONFIRMED,True
B1748,UK128,2025-11-15 11:37:36.952,PENDING,True
B1749,SJ219,2026-02-19 11:37:36.952,CONFIRMED,True
B1750,SJ159,2025-09-21 11:37:36.952,PENDING,True
B1751,UK192,2025-09-19 11:37:36.952,CONFIRMED,True
B1752,AI014,2025-08-13 11:37:36.952,CANCELLED,True
B1753,SJ152,2025-08-08 11:37:36.952,CANCELLED,True
B1754,SJ060,2026-02-11 11:37:36.952,PENDING,True
B1755,AI127,2026-02-17 11:37:36.952,CANCELLED,True
B1756,SJ096,2026-01-27 11:37:36.952,PENDING,True
B1757,AI215,2025-04-24 11:37:36.952,PENDING,True
B1758,UK009,2026-02-28 11:37:36.952,CANCELLED,True
B1759,AI171,2025-10-26 11:37:36.952,PENDING,True
B1760,UK151,2026-01-14 11:37:36.952,CANCELLED,True
B1761,AI099,2025-05-22 11:37:36.952,CONFIRMED,True
B1762,UK050,2025-06-04 11:37:36.952,CONFIRMED,True
B1763,UK092,2025-10-06 11:37:36.952,CANCELLED,True
B1764,SJ058,2025-06-20 11:37:36.952,CANCELLED,True
B1765,SJ090,2025-12-21 11:37:36.952,CANCELLED,True
B1767,AI186,2025-11-19 11:37:36.952,CONFIRMED,True
B1768,AI130,2026-03-23 11:37:36.952,PENDING,True
B1773,AI074,2026-01-01 11:37:36.952,PENDING,True
B1774,UK161,2026-01-07 11:37:36.952,CANCELLED,True
B1775,AI008,2025-06-19 11:37:36.952,CANCELLED,True
B1776,UK121,2025-12-27 11:37:36.952,CANCELLED,True
B1781,AI191,2026-02-09 11:37:36.952,PENDING,True
B1782,AI218,2025-08-18 11:37:36.952,CONFIRMED,True
B1784,UK125,2025-08-20 11:37:36.952,CANCELLED,True
B1787,AI063,2025-07-11 11:37:36.952,CONFIRMED,True
B1788,UK016,2025-06-05 11:37:36.952,CANCELLED,True
B1791,AI167,2026-02-24 11:37:36.952,CONFIRMED,True
B1793,SJ104,2025-11-25 11:37:36.952,CONFIRMED,True
B1794,UK160,2025-06-26 11:37:36.952,CONFIRMED,True
B1795,UK160,2026-03-21 11:37:36.952,PENDING,True
B1796,SJ230,2025-11-28 11:37:36.952,CONFIRMED,True
B1797,AI042,2025-06-03 11:37:36.952,CANCELLED,True
B1798,UK197,2025-05-16 11:37:36.952,CONFIRMED,True
B1799,AI107,2026-02-05 11:37:36.952,PENDING,True
B1800,SJ128,2025-08-22 11:37:36.952,PENDING,True
B1803,SJ137,2026-02-21 11:37:36.952,CONFIRMED,True
B1804,AI232,2025-11-12 11:37:36.952,CONFIRMED,True
B1805,SJ113,2025-10-26 11:37:36.952,CONFIRMED,True
B1806,AI117,2025-08-02 11:37:36.952,CANCELLED,True
B1808,AI194,2026-01-26 11:37:36.952,PENDING,True
B1809,UK045,2026-04-09 11:37:36.952,PENDING,True
B1811,SJ190,2026-04-04 11:37:36.952,CANCELLED,True
B1812,AI156,2026-01-06 11:37:36.952,CANCELLED,True
B1814,UK033,2025-06-22 11:37:36.952,CONFIRMED,True
B1815,UK137,2025-05-01 11:37:36.952,PENDING,True
B1816,UK214,2025-06-21 11:37:36.952,PENDING,True
B1818,AI114,2025-11-07 11:37:36.952,CONFIRMED,True
B1819,AI017,2026-01-19 11:37:36.952,CONFIRMED,True
B1824,AI095,2026-04-15 11:37:36.952,PENDING,True
B1827,AI054,2025-06-23 11:37:36.952,PENDING,True
B1828,SJ094,2025-05-18 11:37:36.952,CANCELLED,True
B1832,SJ156,2025-06-17 11:37:36.952,CONFIRMED,True
B1834,UK129,2025-08-14 11:37:36.952,CANCELLED,True
B1835,UK032,2026-02-07 11:37:36.952,CONFIRMED,True
B1836,AI166,2025-09-23 11:37:36.952,PENDING,True
B1837,SJ056,2025-10-31 11:37:36.952,PENDING,True
B1838,SJ101,2025-06-12 11:37:36.952,PENDING,True
B1839,SJ065,2025-05-09 11:37:36.952,PENDING,True
B1840,SJ100,2025-04-19 11:37:36.952,PENDING,True
B1841,UK011,2025-10-24 11:37:36.952,CANCELLED,True
B1843,SJ176,2025-08-15 11:37:36.952,CANCELLED,True
B1845,AI121,2026-03-05 11:37:36.952,PENDING,True
B1846,UK072,2025-08-30 11:37:36.952,CONFIRMED,True
B1847,AI006,2026-04-06 11:37:36.952,CANCELLED,True
B1848,SJ231,2025-05-19 11:37:36.952,CANCELLED,True
B1853,UK054,2025-05-05 11:37:36.952,CONFIRMED,True
B1854,SJ123,2025-08-10 11:37:36.952,CONFIRMED,True
B1856,UK226,2025-05-04 11:37:36.952,PENDING,True
B1857,AI065,2026-03-07 11:37:36.952,PENDING,True
B1859,AI195,2025-11-11 11:37:36.952,PENDING,True
B1861,AI125,2025-10-15 11:37:36.952,CONFIRMED,True
B1862,AI089,2025-10-05 11:37:36.952,PENDING,True
B1863,UK019,2026-02-12 11:37:36.952,CONFIRMED,True
B1864,UK078,2025-09-27 11:37:36.952,CANCELLED,True
B1865,SJ009,2025-07-28 11:37:36.952,CANCELLED,True
B1866,UK178,2026-01-28 11:37:36.952,CONFIRMED,True
B1867,UK018,2025-11-23 11:37:36.952,CONFIRMED,True
B1868,SJ059,2026-04-10 11:37:36.952,CANCELLED,True
B1869,UK108,2026-02-04 11:37:36.952,CONFIRMED,True
B1871,AI144,2025-10-04 11:37:36.952,CANCELLED,True
B1872,AI244,2025-07-09 11:37:36.952,PENDING,True
B1878,SJ233,2025-12-31 11:37:36.952,PENDING,True
B1879,AI203,2025-12-03 11:37:36.952,PENDING,True
B1880,UK147,2026-03-08 11:37:36.952,CONFIRMED,True
B1881,UK039,2025-08-26 11:37:36.952,PENDING,True
B1883,AI214,2025-11-17 11:37:36.952,PENDING,True
B1884,UK025,2025-08-31 11:37:36.952,CANCELLED,True
B1885,UK053,2025-08-10 11:37:36.952,CANCELLED,True
B1889,UK086,2026-02-24 11:37:36.952,CANCELLED,True
B1891,UK186,2026-01-26 11:37:36.952,CANCELLED,True
B1895,AI021,2025-10-05 11:37:36.952,CANCELLED,True
B1896,AI157,2025-11-30 11:37:36.952,PENDING,True
B1898,AI187,2025-10-03 11:37:36.952,PENDING,True
B1899,SJ124,2025-09-28 11:37:36.952,PENDING,True
B1900,SJ223,2025-10-06 11:37:36.952,CANCELLED,True
B1901,UK103,2025-04-25 11:37:36.952,CONFIRMED,True
B1902,SJ157,2026-02-08 11:37:36.952,CONFIRMED,True
B1904,UK213,2025-07-01 11:37:36.952,CONFIRMED,True
B1905,SJ120,2026-02-13 11:37:36.952,PENDING,True
B1906,AI035,2025-08-11 11:37:36.952,CANCELLED,True
B1908,SJ229,2025-08-09 11:37:36.952,CANCELLED,True
B1909,AI230,2025-11-14 11:37:36.952,PENDING,True
B1910,UK162,2025-06-10 11:37:36.952,CANCELLED,True
B1911,AI066,2025-05-29 11:37:36.952,PENDING,True
B1913,AI124,2025-05-24 11:37:36.952,CONFIRMED,True
B1914,UK114,2025-10-19 11:37:36.952,PENDING,True
B1915,AI231,2025-06-03 11:37:36.952,CANCELLED,True
B1916,AI113,2025-10-30 11:37:36.952,CONFIRMED,True
B1918,UK180,2025-10-07 11:37:36.952,CONFIRMED,True
B1920,SJ095,2025-05-11 11:37:36.952,PENDING,True
B1921,SJ115,2025-04-24 11:37:36.952,CANCELLED,True
B1922,AI142,2025-05-14 11:37:36.952,CONFIRMED,True
B1923,UK169,2025-11-28 11:37:36.952,CANCELLED,True
B1924,SJ041,2025-05-04 11:37:36.952,CANCELLED,True
B1925,UK171,2025-04-20 11:37:36.952,CONFIRMED,True
B1926,AI081,2025-11-27 11:37:36.952,CANCELLED,True
B1927,AI162,2026-01-28 11:37:36.952,PENDING,True
B1928,SJ037,2026-01-23 11:37:36.952,CANCELLED,True
B1929,SJ037,2025-11-05 11:37:36.952,CONFIRMED,True
B1930,UK080,2025-12-16 11:37:36.952,PENDING,True
B1931,SJ031,2025-09-26 11:37:36.952,PENDING,True
B1932,AI199,2025-12-28 11:37:36.952,CANCELLED,True
B1934,UK217,2026-04-12 11:37:36.952,PENDING,True
B1935,UK014,2026-04-13 11:37:36.952,CANCELLED,True
B1936,SJ180,2026-01-11 11:37:36.952,CONFIRMED,True
B1938,UK205,2026-04-07 11:37:36.952,CANCELLED,True
B1939,SJ212,2025-07-22 11:37:36.952,PENDING,True
B1940,UK052,2025-06-25 11:37:36.952,CANCELLED,True
B1941,UK230,2025-06-13 11:37:36.952,CANCELLED,True
B1942,AI145,2025-07-18 11:37:36.952,CANCELLED,True
B1943,SJ035,2026-03-13 11:37:36.952,CONFIRMED,True
B1944,SJ184,2025-07-20 11:37:36.952,CANCELLED,True
B1946,UK144,2026-03-30 11:37:36.952,CONFIRMED,True
B1947,AI126,2025-10-22 11:37:36.952,CONFIRMED,True
B1948,SJ145,2025-05-19 11:37:36.952,CONFIRMED,True
B1950,UK049,2025-06-15 11:37:36.952,CONFIRMED,True
B1951,UK049,2026-03-18 11:37:36.952,CANCELLED,True
B1952,AI087,2025-10-18 11:37:36.952,CONFIRMED,True
B1953,AI152,2025-05-24 11:37:36.952,CANCELLED,True
B1954,SJ240,2025-11-06 11:37:36.952,CONFIRMED,True
B1955,AI212,2025-09-14 11:37:36.952,PENDING,True
B1956,AI064,2025-09-21 11:37:36.952,CONFIRMED,True
B1958,AI118,2025-04-28 11:37:36.952,PENDING,True
B1959,AI172,2025-12-19 11:37:36.952,CONFIRMED,True
B1962,SJ077,2025-12-23 11:37:36.952,CONFIRMED,True
B1963,UK030,2026-02-24 11:37:36.952,CONFIRMED,True
B1964,SJ232,2025-05-21 11:37:36.952,PENDING,True
B1966,UK002,2025-11-06 11:37:36.952,CONFIRMED,True
B1967,AI154,2025-07-03 11:37:36.952,CANCELLED,True
B1972,UK199,2025-04-18 11:37:36.952,CANCELLED,True
B1973,SJ033,2025-04-28 11:37:36.952,CANCELLED,True
B1974,AI210,2025-08-03 11:37:36.952,PENDING,True
B1976,AI229,2025-08-27 11:37:36.952,PENDING,True
B1977,UK005,2026-01-01 11:37:36.952,PENDING,True
B1978,SJ080,2025-12-07 11:37:36.952,CONFIRMED,True
B1979,SJ092,2025-12-02 11:37:36.952,CANCELLED,True
B1980,SJ055,2025-12-04 11:37:36.952,CANCELLED,True
B1981,AI239,2025-05-17 11:37:36.952,CONFIRMED,True
B1986,SJ177,2025-10-07 11:37:36.952,CONFIRMED,True
B1990,SJ197,2026-03-31 11:37:36.952,CONFIRMED,True
B1991,UK091,2026-01-14 11:37:36.952,CANCELLED,True
B1993,AI093,2026-03-11 11:37:36.952,CANCELLED,True
B1994,UK090,2026-03-31 11:37:36.952,CONFIRMED,True
B1995,SJ005,2025-11-20 11:37:36.952,CANCELLED,True
B1996,UK106,2025-08-08 11:37:36.952,CANCELLED,True
