passenger_key_hash,age_band,gender
031a60e86398d41d18e79ffcedc168a3e137eec8e808ff3a26712c897d0c854a,46-60,F
61d0f276b7160f04f92ce7d852f04296612a23d85e104124985a1e3f1afb6a25,0-17,M
c5baeafae225ad4d584ec322dd47d1bdde1c4e989d7169403652ed2e9779be5e,61+,M
eeae6e0fb3e9e763d79dde942b8480b918448aefc3d5384988bcfc2c7863997a,61+,F
6533dc26f5dafb4abea1d39bc6d918a37c172db64bb11d63cbdb7fb274083d15,18-30,M
eb2dfae377ce8e908f0e80b3afbdc98f2ed93b2f5a500c636a2d717fb642eb90,61+,M
6db11620a17d5f39a6f4f347ad59e54eab82425e10237ae79bae9fc7f0c73224,61+,M
6be38161a7cef8c4ab45de42d2e5fca136a4a7606fe53008106bf958e1fa0b73,61+,M
79d3e921288b3e1edc7d0293236688e782d509d35365d799481a628bbf783ecb,61+,M
f22c8323f1e52afbe516baef22b167bdfdbf8f0e5ee95b36f2a65fdbff743d7d,61+,M
1c77e2c0ae663dbb710db96779fc9565bb5d430e26051ac48b48268eb6f31c09,18-30,M
c778c14fe604ebd8110269e845512adeb743b9756d3c57402cb17a108a3de500,0-17,M
b452f773ffff3926beaaad32ab667feca29d88e78d63af3d188e475c318f0619,18-30,M
b096a49f0236663227b9349e270cc5f2ad32d485d93865e0d4cb2488c769f768,46-60,M
c779f512085d330483b1cafebadd103b9f1bebac4f9330906ad987c973bdfc72,0-17,F
79bfd5dc59b585de98a96bc123673a45df114171ea2f649f20cdb96008c54d3e,61+,F
a41aa336bdc7df1d3bea1213766b0634d96c32553c29944da7da1b2c140dbf6f,18-30,M
cb4595eab2647a242da165867fc7547acb0bcb9b371785952c592621033867d4,31-45,F
dd9d5b3ecfa8ddc2ce35509e8abc8cec15eeae4151b6e7075104f4d8ad41ba38,0-17,F
ad18c2be469e3664cc92c52ab98aec9203c0c3fb68b9d8eabb7487c6e41e1afd,61+,M
4106a53da67785e5d50e3c3b7495c032f8b5ea65429f48c6ac715ffb1db71025,46-60,M
e0e2366795c5e0973e998f3a4294b93191952341b72bdd3213725e35ca90dd16,18-30,M
cfe9e2dabda3328515ce374a5902a6d5eced9c183013b07cddba84f59197a99a,31-45,F
b502debe7f09d395199c85c9dc20b9edbc7eb055b4499ff2ea811a2cf747ddfb,61+,F
9ab181240ed03a0587f533cac6caa7fa5ae0aacac783e8ab8d4a8728a0568ac7,46-60,M
06cf5fba4db048c6700c1058a21ce384bf0093a18e77441744df25a610cba230,18-30,M
a3a748f0e1d1d03123dca2f1ec659ecfa1e3393ea2b8f22a46ae8c38d64eea8a,61+,M
8fe4a9cee575ed16d908c362cb41ce216bda4d23211d948dbf7c837197a1dc9d,46-60,F
323969a7963eafc6513bc14886c789e73bb1919adde854ed931330089747a1aa,46-60,F
30526d8cf7234489d1cde5671afdf32096dd3ae80a8cc90f105d50fe0eab5f3c,31-45,F
48d0441e3c09dcd5670121d6361a6d933c03274afe1b985e939e761d08ce4230,46-60,F
93847cd98056474b065afd1edea5da9e9bba3a8cf5497abeb29724dee06524e0,61+,M
93ed78d28301c6046a446cd641339e9f5edfa98bb3f6d39a6d29972dbcb0b816,0-17,M
bf96c740475045fb1786249fe2e468ebbfb7f344c8c9e37c7fc645650e6c64cb,61+,M
e3db7804c5e9aca984701556de98dcb6d99d1cf06dbde53ffe9ba4c5c265d0d8,61+,M
e3db7804c5e9aca984701556de98dcb6d99d1cf06dbde53ffe9ba4c5c265d0d8,61+,M
5e19490d12047195ffdd39cb92fc81aba599130df8ef5debe7f3e5c2245c27c7,46-60,F
6ec4e1e528492a65f2ea39d1af0eea8bb76ad5957e63b496e148edb2a37093cc,61+,F
04c31ead0dacb627c690602a1aa6e9a1d82a08b75fce9493dce8c3c852365ce2,46-60,M
7eaf6cc62251837e276f3b2ba719536902af6aa6480014bb7a13b3f383e6f9d7,46-60,M
bef65d5816919aa848435812911d327d0d9fd6431a1b7b855528946390f56843,61+,F
5b64e90446f263c765a08d7c340c9275d27caf42436eb8879ade7a094c6cd73c,0-17,M
ce0196be80de68aa6f4cff9ed81521ba378f6c2d294fc7981e9d8189d65e5b4c,46-60,F
c41e22451e59b0e98396ed0845c83d6ae55ba09dd2329ba6443e486d5cbd6404,0-17,M
5401007eaa7f94ad6fd4a52cf1c19e59a8c1e9c5e6f70932b5efce97b21bc334,18-30,M
86440084cd4e8eb1e485a67574f7915fd8413e862da355224359a4f4804510f7,61+,M
d0cc71254d0d0f29502c4dae62dacdd6712a8b1a3d7c76cd815c0b67e7cb65c3,31-45,M
22835d7fd4e730004943432a725d5399017d2cc18d365af87afbd06573c156c6,18-30,M
c6426f3821621a96c322041be3da22576d1af502063470ec59fb19ea1471a1e1,0-17,M
02ea7959f1cef0cf60aa1b07edf10b7c4499f2c2b318683470b865f437352fc0,61+,M
e1983cc03bd1e15f304800638b3586b3f744df3249efb51aa3f4cd8b0c105f37,46-60,F
91d46efeb9c1ecd916a62857d2bcb0e07955223b7cf4cd40817fc0bfb04391b1,0-17,F
c3b65a7f63cdf9077407c656298c53cf2f5eb3571bcc4fa8c5d8b5aa74f4d8bc,0-17,F
e71aecf5c85c1563c0d170ad78b68833121b0e9212d6e36fc3c6c20e63dfbb7d,46-60,F
871dfa1b8e0501d52e9e8b2657892aeade4e9af589bea9c8ba574345ebb9b80f,0-17,F
7479b485d6c497f2eafed263974a6571223da78f69365e29bf98ae736d82626b,61+,M
579c05dbb5c7c7fac1b3b612ec1481807fecb721127aaf95214a8afa6555856b,46-60,M
9e2f9c24c28060dfb0d26c450d358ff0a1919faefff2cb04462ad2ef0384b5af,61+,F
c24146553498b11133c73b471f128c4034fbbc101da3d55d16b786b97abc6fc3,31-45,M
c1a316f03b3ae5a203bbe1db1b8f5b4dbac55098aca918d8902272408387712a,0-17,F
0669854a969bcd54ef9b4e00cea98eac24127874b83cb68a2b9c141578eac258,46-60,F
be968607e3d4af09faac24d0cb598bd705562e11e0b5171442770867b2b13589,31-45,M
b47b4015cd417df26ad71a3fe85ac082a29f9740562eee3d135e79e814ec0d7f,61+,M
98c32c82462e2f705c66cf0222eacbc791df2e7c685621dff8d55abee310bc14,61+,M
44095b416ec47fb21c8b6f1953f3931c1cfc2f9c0971d99fdf5baa95f0a9425a,31-45,F
cf1e1d2dbc1d71598cd0c7186785b8dee691f02b88b931be5ec3512e2c4bb389,46-60,M
44f4c40b2d4180be174e74764b2fa93a31e9acf2f95cffd3d99e341557a6e008,0-17,F
65a2662c1c42b2211936fff433a5270c57aa2d66ebcaa8a672b3d6f51cf31cfe,0-17,F
ea46dd84b5852d6a0786d10cb63d4356a3d58f11549b85d6843e902052304a85,0-17,F
2160872f2e614a13bff2e81412b0948c5fdc0e77ddbb5981e2fc4ff99c926561,46-60,M
19e6df3eeb202a02ed4e1e0f8866f45558337bbbb2e80ceae25e0d804a6b4379,0-17,M
10ec5467b62dbd27378d1fff18fea368e3c6a52b3c796c8ea97fe8fbf30db16f,46-60,F
8e3db6260921f94bb9ae157f337c44374facb3a9d586ffbf3e2154d807ab9e9f,61+,M
08cb2d3a1162156fae3f8de8547a4392bc4947f04eba00d88607c9bff433f76a,18-30,M
af515aa38deed73c0e79390494936b3c5062c3d6fb1d4125a6878ac6ff9c7c14,31-45,M
066e3f7ad551ebc85b6358a7f4ce340b5ef470aec1821bdc38353d6f5fa81165,31-45,F
a741b6dd8a5b8f1543b96f75d81f04debe9ac7dcb9e5ac7f7c4a3de6ce352b3d,61+,F
cf0bd36b153a266eb96b097d42c94bd518d2ed773ff0aff4196954277e36fb9c,61+,M
56ac957fbf6d574aff8980401d9a663b0bafd4f07ff726a17b52d8e0dfcc63eb,0-17,F
a965c821df17a512bfcddb4713aabf5da605a30c3b3e016e047f14523f413b2f,46-60,M
22f5364f6c8f0c8db0f321ec12aea86f86d69e1a586d1bb54287b3200b45ddf2,0-17,M
e28db43493031d3380190920ce064fc921aa38b822d79e3cc7ce1870c495ce38,61+,M
2fa8ad9bc1180c9e7016de60dbd6a76bd214ce8b72b8ae6637e164c4dfeba8e0,61+,M
fff5e2b2b327cbbbd75cfa1cec294713fdec51c162b57a10856ce07ffc06c27d,61+,F
906ea2a505d51fd41a2b2f02d9dfc962d3831101cd8232792ccfed55ec6303da,61+,F
c9a061d04a6e0a5d88cffda77b795792bfeebad00ac005bbf03dfd8987a6a0ea,31-45,F
588df506ea4da5834e6f14e61a648232d728e8fdf5576a3d7c78f590ecee346e,61+,M
59bb3895ec6cab8477bbdd61a6a5cb78c2c9b5764db4b1249ce00abd5ffa79aa,61+,M
20b9e93328f9dc45dc27349f0f7696fade7ba7c458afa65afa6d861282c1479c,61+,M
5f15e3dfcafa4e505c913e16d6334d69fb68aa524ee722b20586b86941b40f08,46-60,F
9f2f59aa1afc6e3ea30f02b73476f19278f1836a70249a7315963ed68f307055,18-30,M
89b838af3563d06bd281ffd294bd47fee3a54113f63f7076dd031563c4a41c3f,18-30,F
a5f805bedc69ac04a4429722e8f4996b31bc58cec4192c50a80db8b00e0e010d,61+,F
6f2e7545bf6891bce54a08268e1cd0f112e247db566b7e31baf6851c5c4738c6,46-60,F
e97a5097f13547f716704e510302ec2f3a7dc61d789f8a9418409c00f02cf1ac,31-45,F
88ef79684e5b90ab55fd8a6787eca92d1ce121fe0568f37798af6752367003d7,18-30,F
eea59efe826221c1fe4889154cc5648cc8f434005a8022814d6a6f829ed019a2,0-17,F
a127a8803a3e57ffce80e796794ceae7d7cf7baa68f9a542a02f23268e490a95,31-45,M
804ac90b07e39e12ca6788b04f5b81c01cf56ce3ae3bf451323a4576367f7dbb,61+,M
a283a09aa25e74844adbaa72805adfee5de273ca179f93f31826cf2ad4dc9551,61+,F
8249f45e7acc37f4632d0a259fbec44a4ed875f9ba9f655e0c57b224d001a1f9,61+,F
89fef259b03bd24a0b841cd92ec8accc906ac07ab48804c073e5facfc880bcc5,0-17,M
bfaab51e35ad7b3d1666f7469bc4c42bc87bfa7807198d84cc0d59c656fc92f3,61+,F
63ac4a24e48cfe89f1218e7981373d1f1de2eac52e71435d035341619ce8ab8d,0-17,F
63ac4a24e48cfe89f1218e7981373d1f1de2eac52e71435d035341619ce8ab8d,0-17,F
24fc7c6096a40eed288c35c622b441eb6bbde8a9aec94edb595f67cc2e17b907,0-17,M
3a1ef3bd6458cdd86d219afc3397bce9c7b12d5dcf92fdbba3fa61a29c57af42,61+,F
3a1ef3bd6458cdd86d219afc3397bce9c7b12d5dcf92fdbba3fa61a29c57af42,61+,F
3a1ef3bd6458cdd86d219afc3397bce9c7b12d5dcf92fdbba3fa61a29c57af42,61+,F
10d6d6ecb2a19a228670bab3cf934566fd9976ff05b8628d509958a3af826188,61+,F
4f71e4b68e1c4f755132482b1224b2fba9e88327c1538bb5e649b33133d4fd49,0-17,F
a67fe15ec195c0757d702c939febc0866eca4be87924bd323d05c58e314b2c9f,61+,M
696200fd839848b14ea262f6d11b23f059a1f0a6d4d9a7e2ff44462bd08d35b5,0-17,M
696200fd839848b14ea262f6d11b23f059a1f0a6d4d9a7e2ff44462bd08d35b5,0-17,M
f1d739f512c450f969c939fd3f217f0fddf242e851b7d2846b7212281ddf879d,31-45,M
9c17e0c3a343e7d8fe3ee9a640f4dd1488f86ef1daba992c327cee8fe7745b5e,31-45,F
ee3da88980fa26dbadf8dc499b411a800bfc6c8773ee8629c6e2cf19ae2a84bc,31-45,F
c738cacf8050444d547c7e1f0d16e1c8d8ac14fc717d6d82ca209ce5dd1c5d09,0-17,M
c30107be7574bf2559c6d6fd9791e99507b3c0ae8cae21d031b4e65c787a4c13,31-45,F
c7ccf6a417208a4d93399733f39ed59bee1b97558dd765c7045aa071123b4d68,18-30,F
c4ee8c15b7b11fb6a289c9ff36834cd9df78760722ceb6677013710b62cba213,0-17,F
f82a60e2bbf27d94e8721e47f2b4b031cfbd46b5601b4b93cbc8e7ce409d28ec,61+,F
310dc04b8b2e90cc5e57432ee3e994687607119f7a60d5d7b4dcae30b6b7bc1f,61+,F
ccdb01a2d78f0fbd71d65c2847060f5b328a7ea986e34d8788822f4e246d68f5,0-17,M
c3dff13cf88641c7b2dc10b3fcc8c009d6b74c47a8c8ac87b68a0e14f1aca665,31-45,F
2dc43d859714a78e509c0d7143436d2f896de5518e1837c78151c59ccd78bcf1,31-45,M
9e7e782126568ca4d9c6eedc94e7e4de5eaea5af61ef57f02ee49a53a68b0901,46-60,F
5c67efc01eb595f27aba409d16d77d677572da560aa9687a3dd588f0763782dd,18-30,M
e2c4ba708d3aa844351a96f7b0cbce35807cd6d22e6a06738a2ea95340b5efcf,61+,F
350e0f62c4ee94195e1183d75e282cfded48d109a4bbdd7d0142aa704d43a3c2,61+,M
3c5a756d3cd50af2c1cceb589f32a40d1a67aed43e64136cfbab05982a63230e,31-45,F
5858bc7ccd523f52e41c0e7f14e2f07d960f32053c6be04e295553082bfc785e,31-45,M
8a2fb82f4b37d5cee1f5630d4b60dc7b4459b5d83135d79c3bf57613d614d9fe,61+,F
9c8b72e9309f1ca4a801e836ae3ee548e4fab5ba18437be41dbac15e14aa7c97,31-45,M
0211dba0308362d09d12cce5048bc85a2ef253da3e6168f427992abe6729bcef,61+,F
5f77afa3d4c2de29a329918512584b72196ce1432c866ae54e161e3a5aebcf8a,46-60,M
085cac3f18db7c3b7445b5e01e3f6cfdf53523ead6b3a0d7f9248e620b03418b,61+,M
9c2461755b69c4ab97fdebbf778d8d1282e65164f889ae51c6c255fe6d33f20e,0-17,F
e258099877a0dfa862dd5ceb6874fed7650bfd2c8be2a10fe73abf73296ec40c,0-17,F
94d09aefe5b0378573bba2e8efcf05679e66ab8407b11368e1e1b574fed44ef0,0-17,M
3002d4d79ac294e97c6a46976ad1ca00a99da547a523d7c6ea6b05c7014c8b5d,0-17,F
a23a32c91af035e12834819b51c2781e7adb28126771f5db1c654d22f68fb8bd,18-30,M
636e3ffecb1f7eae33e7e178f88b4c2de5e9b828826f43ac563c67c64b11a7de,0-17,M
f1f58d998de0d7ee37881e3c74ed382741c723ad260b60c0acb6992675a46475,61+,M
ddb723773923fb83eddc5684a1b82d5841819a41e1397eb83c585f4829b3e5f6,0-17,F
9b57b5fc7625f88f57e8fe4555294eaeef9b619337085e95fb71928be130113b,31-45,M
9b57b5fc7625f88f57e8fe4555294eaeef9b619337085e95fb71928be130113b,31-45,M
8a6f76d2523094770af8f2ceb6a11a6f4cc729bf3d9e1ec6b5c84ede8072d848,61+,M
8a6f76d2523094770af8f2ceb6a11a6f4cc729bf3d9e1ec6b5c84ede8072d848,61+,M
51a7fa0dd59bfd6da269989ac286fec3b22d87ca00fea3eddf735ee72d2aa6ea,46-60,F
fe31257e17d3e90525e09aca5aa6e17bf802824282552023f0a1b5291e996c1d,61+,F
5aa3a0cdf5c964b09afb93d282cf7344d84e566efb1822cd286fcf9e7495c6b9,46-60,F
9feaf3cbcf88f00a6be9a5b871e6dd47c6bee76eb8c5a751689bb4c97a8023e4,0-17,F
69a6cc9a43e3fa4f08d1f6928b084edeb87715a0b7f74321d9f8a50e9ec623ee,18-30,M
04bbea631794eeba00495a58de32de31264a97c27ff8cd1395c445e7ec0c6bd7,0-17,M
f20ce3cb543f67bc821a65bd2b3e7b00675b3ea0919d18456fa618faaeb38386,31-45,M
8c032fa2e7fa614df341181caf802873c2b310da6a8bbd341529120c3cf6fea9,18-30,M
d919d64853c17571619e08bc55da50d4057ae1495ca9cffd26b4990b2fe4aa2a,31-45,F
ef37de264f43134bb58644960511d37c1e230dcb677673e413f03ee85f32b193,0-17,M
448e628481ab8a8379ecc20c077dc8fe5c213bd5675ccb10c8e3ae3be06e316e,31-45,M
3f715847a9392ecbb19371b87b579428887f42cee6e90793063b5507f8eaf808,61+,F
d75c257d39aa173edf1c85ac45eed5dc6790641ef6443b76f87887cb235a65f7,46-60,M
b92071c63156ca50ca7142a45c0bfeba434b590b0c7dc91dbe4730c878964c4c,61+,M
ed8e122bd68a569887c16b079ba6288e80df60b41575461820db1a931bbd1a3f,18-30,M
4a6add987cf788a4b9d925cf7495e0b62399b75355bfea4e79eeb1b51656f843,61+,M
2a70a1e3d06827e26ea66f3dd26bdf35011631c2ff7ec0f502e86ac82152fcd0,31-45,M
b4954eb5f8adac01583efbd9f90428e49b092853c02402437e89bbcce3bcae03,31-45,M
da273dc1a032c58510a0f5c40b7fb445a2c5d7764c0948ba9af184c805cbed4f,61+,F
cdc2e6ec383396f644a32ca366118b4a309e0ffe202578b23ed4ccdd0d0099d4,46-60,F
2422ac137399fb009399c29994dc1c1caa83bd6e21dae0c0af8ea801ef199d66,0-17,M
98f64af87828e68c5446f617d8b8d9bc67bb157a9b3e4b7162551a53fab7f206,18-30,M
d6924f8f6cbec09c93ba5b011267018aa6db6a13213c56958f965d378301df01,18-30,F
8f17adbeae4fc7c3ee6893ebd6558cfd4943303f3c27ddd33e31e307de8a659e,31-45,M
fb96f6804a99a12f7236eb188f60df8faf71dff19b717a27691417808a27d6f4,61+,M
ced36cbc027c7f0350c506aa1646c093df184f8492f790d71d61309b37171966,18-30,M
593fee80959859d7d383c3e69ce7c146283f30f8e4abba15916346fcac056ee8,61+,F
bfae7d5e9f0627aa946fd758a1deadf6b2365d7c5858da6b4865292f4babb50a,61+,M
10001017dbdb645c950f1db621963558fa08bb4cf1469e76b4524f9d0b3bb48c,61+,F
11e7405e976ffe2fd78666cff7c08b5698c1ab4dc4b8917abe86e0e24ee45002,61+,M
872ce3ad7cd88dc979b90e4a798b5a58bad12953f5433bbf4125c0fea3b9c0c8,0-17,F
d74aca86f92c65cafecdfff785341967ab44bd2039bb62550cf700740e5c15a3,18-30,F
a18c8d61292fbac0bcd92288bf258b9f1210dc8d0485f776ffcac7b59a470a5f,61+,M
664e6259d692132aaef87baf236f845816865482d3f2a11793222f291385e249,61+,F
bf48561cbe6354bd05170df0e5c70e2de450c9ec017c39f9f217afad9fdd4ebb,0-17,M
f5e5a48665b27bc28a31b48c6ff38c2db7804a6ec70eb016e57beb4c196a6c1f,61+,F
9cdc77171c559a430d5c7f780dd030909be63ebf20f63ec90393f79f9bad913d,61+,M
9cdc77171c559a430d5c7f780dd030909be63ebf20f63ec90393f79f9bad913d,61+,M
2a9ba5ba82be53cbc2d6cfc2ae99a7903dca89a2ad8b53b0bb6331025fc27597,18-30,M
54a5a8bf692038b5094da0eaf787b6f064af2ca56dd6c67c7bece857b05866c4,0-17,F
31992dce7e9c9433e21177f4b93370fbe1796e7ac7ccc3e608ea5e32af4c2512,61+,M
851bc6d69e11741e5ce0a8cc1c4ea65a6d36f3ae7a82a8b3c902043d39c79a69,31-45,M
f30bcb86e2639e8a694c7ae6c0b416d42e2508e1f6664514a06b024ac0a216f5,46-60,F
fdcfb58a86ee16c211c21adf467a51d66d90e97a3693d2317b0ebf9f827cef40,31-45,M
120b27eb84582f377b5f050d3db3c581e073d05d4a308369ec0e71d4364d324b,18-30,M
6e3bf1fbe8842e4fb711056e506f5e69467892c32e545a3e4929ec473b3eb207,61+,F
d4b256a73ebbf0e5b9719293cd5872b7a42284f944c914c2bd3b5a53a3ea41fd,46-60,F
bb0d8aec406fa066859ca542bed16b4cf1706a0a5fa24218ea423cf6e6a8ae25,31-45,M
e911937ab6b917b56f2fe4e3bbf1769a27e0959e28545c256c9bc61ad653f20e,61+,M
3899f2cee880c6392ecfba88a6c3ce2aa9f14cd349fb156e01fa34ecede20b3b,46-60,F
687eea855b2141c9b9b456d62f95581bc6ee5de2ee9f5f5a62c04e8464f8bf98,61+,F
47cde9ac574dea55b4e5965e1e72826de94533efed85f9d26af2982a47d64688,46-60,M
3d3cfec6f98ca0b309ecafd68e1be32a32bb4be9d735b346a83538e2f4b5cffc,46-60,F
6da5c98a0e976031563964f81b319886e196349ae9f369ba8040a279181cfcee,0-17,M
d1d80b986ad4f3aafa8583e4811c98eed91e241db225479fb96a1bc2f062c30f,31-45,M
2ecf542bc3058af0e6dece0cc2edd4a44dc3f2ae722b97a458bad48f0c4093a0,0-17,M
4501ed1c58dd1fd2e579358f8d11c8862f6f538680eb712ec38db5827d52e883,0-17,M
a3f9db27c556b278010e59f5f28449b842f638807f70365c644a7b56a2e3dfde,46-60,M
2af52ca08bb9fbb89df00853ffc63d8669d9d91595d5543e8e0537bbcce1272d,61+,F
826d7eee04de5765a3f2815d200f4e6e2c18d1df330d929150130b68521790f0,46-60,F
34cb09016abab11b69dcee3588cddc1f6bf194d04269a66a7f3d5d152f0b98d5,0-17,F
1ad9508f8d51fe4d388b36a8b588d1e92cee002ecc6da00179a7020a09c34af3,0-17,F
383b01dfc4b4451a547935fff6c78f551e330aa833ad796209db30958a18a15d,46-60,M
e958f2dc756a3c1c4d30f40512bdcd9baf35851950e7e1014c5429fad541b219,61+,M
dbe9cc3aec6ee0cc91048f46a9ed2f20f4d08e0249e8ab6cf78ec0d14930f3f1,0-17,M
f6d76e21aea6b49de13c55f6d86f3cd1e23d2c30760b76b2896ba7bc18ee7707,18-30,M
1beed7d23e2d1c4909736ea917fc62445217e0090173c58c386af3e43d18ba28,0-17,F
d7828af53487e3e70a2326cfe122d3c6ccb1ec727038aeda38c7093ad8a9cb91,46-60,M
bdc50ba48d0be6aa003dd8438cee8b3fb28a6d39822633c122919b3043491d3a,31-45,M
022b671b6c1a787f8e18f8f36dbe7fcbf50142158932d527006569dbebe96b3d,31-45,F
df5b29f2ff7bba8607f3a0e88336de8a46fdaface5e5b3177310f9a192d55512,61+,F
d3246c0f5d623a71c982c4b1a6b3ff8f6c8b4059269f23e99bc84b9425d086b3,31-45,F
479494608e848a1d5d0d63f7eca2960cb719fa53a73d3843775867fd73e68570,61+,F
304f4d73814c7a525c525b9a96053ef9d930c17a0f3b9888f8d7c5242bf8daec,46-60,M
e60442d25bc5f693c6cfc0937063c635de3a5baf3a0221977d97fdfdb824e54b,61+,M
70a5bef1dba0a1f8694796704830dcefd2d3a7b27f7a3d0572a82eaed8f9a0e6,46-60,F
70a5bef1dba0a1f8694796704830dcefd2d3a7b27f7a3d0572a82eaed8f9a0e6,46-60,F
252b1f4fb0c859e1f5fe4dd3f39223ac31dff1968ab3d2b5930b6909e6d1777c,0-17,M
dfc6b0d0a6818f3de448f70c8c058a24b13b6aac4a0e824afa19291f3b042db4,31-45,M
f578969533b3f6b3dab72ec2fdc7d0592f61427e461cec167f4c481805ab303e,18-30,M
9eabf0d062f2e17b6c93dfb21197af90d5f6f152aa5aa7f9fb548382ef5da74f,61+,F
dab551ca1c235e7c6d058329449bfead01b12059fbaec69f65cd8414f170965d,61+,M
50199e82687945a48a32d61eeaa6776a7610a818ac2218152429693b186bed22,61+,F
03b33537d8a0c7abb68d200245c1e25b4cc8abbaf304b4a46c71816670e60eb9,0-17,M
bf52b129e3eaf405810ca84e9b5879fbe3dfd274912e85dd7d400b405aa7b6c2,0-17,M
680933683d5650204f499668478e9ceed7b994ffc70329e2e7e8993996f3cbdc,61+,M
360aedd4c530685d1e43c10ce4c08b4b058c3d72906b4d4ddc621c898663fb49,46-60,F
2e06fe05d97653f378e15a1f549233d5975eeffe396e222055ed3921fa4a9de9,61+,M
af73e26b43f653fd66c79ebf74dc6440a04dc060b0b4fadc2ff2726a16a2c325,61+,F
1aa298804347e327930ff846a03c7bbe5b950766bf36a0c2ba0dd1c55076acdf,0-17,F
afbe1d334c79478b8e5626b3ba334e5e23163f59e7cf271ac0ca60d0fef851fb,18-30,F
6dbf5c97b3972bc33cc630fd9406dd1e2957e28daf5a308f8093967137802876,46-60,M
e418a33441293cc1bdedf9aaf5268b3bd55d10b8eafe856461cfa59230986bff,31-45,M
36de8c394ea20850f7f2d64db77546deb8febea37f85ff31161770db64ff0db7,18-30,M
11bfb207a6af40b89d6f9fea27b5195675e39b3e90275c4269ae478ae5a32711,61+,M
5f7e0863cdbd3370639e380a6ebd3f2003c8fb7411fd3cdbc9babbee32357e8f,18-30,F
2be53f37298895795632144e52510d368f55e0345c1caa035315f419bb8c795f,18-30,F
2be53f37298895795632144e52510d368f55e0345c1caa035315f419bb8c795f,18-30,F
f783d91c35c828950d9d1abbde14b046134cb69597db8e0d62057cc1deb4984d,61+,F
23d2a290c26dccd5672c4167820cc3aa033038f25abee69afd105b6fe064c3b4,46-60,M
d89f457da2c18257c6a1bb679b23f47cdc3028a2b1602941915d555c0069a2bb,31-45,F
ccc098f9b3016d60ae1daa4eb5f952e98ea37e0641de12322ff95edbcb5150a2,31-45,M
111d44677eca30b0ea72fd94c344984b58bc07fe9b893b14d57973583646ad42,31-45,F
29cf2d89c3589449b2bdfaefe119244ad02151ae58570028b87fba3e1219c6bb,61+,M
2b02232c958f1607f52bcb9a52298be186b284426ff53a827413c26508d082ca,0-17,M
0b411ee3ec9648d9fa895746ee2ed2a856d2878ca8aec3c18bd43cd80587ea9a,0-17,F
bf4ff98420fadf43b6c000838d75a055de2f506c98c68535320fa5759aa300cd,46-60,F
d02be7417e51fe7552ab07353c60563ed8030b794204745e691005408e715941,61+,F
6ab8a8743eee13a379d2cdc3e72ce0519cad4434e395705b497796e2feb00f0a,46-60,F
7fb7ffdbd85a3ce3777e234c2a13df6ecd93b7417cd5370936f89514d8f28124,18-30,M
29b1d4689d2d492e0dc85259d203f7265a42f6f09b1989dc6872e657395b4d41,31-45,F
c06f7e72b998fc9e261e8d3ddfd20ab26150349272c2872e7cdc582105ae227a,31-45,F
54a9645bd4276951211373d35b7ca4d150a476d23892b75d87a1eb9891a95dcc,0-17,F
88659952d7f5e68c9a08f77a0ec08ebc2d007999fc6bb89770907d04ec125d69,0-17,M
88659952d7f5e68c9a08f77a0ec08ebc2d007999fc6bb89770907d04ec125d69,0-17,M
d89496e015069848ee3b53848160288d726a08afe12ed03a7a712e071b976f88,46-60,M
54880709cf829c2d0d703d6ee6f77deed4c47aeb026f35def2f7a6b2e789432d,0-17,F
3e07b24d68cceb8f5990bbe9ddead6b3884030d562f4a7d373834ee6a19c26ce,0-17,M
5759cbbd9ff560db9f32097191f1ffaa36e0af9a58641ad1312045e947e97f1d,46-60,F
6a614ec471009595426243a693f68a392894036d727277d632e4bd75ba4595b1,0-17,M
5a9ab6e12ec4e942348d18b895371cf4040979263f639ba05335af4e3c09d3fd,61+,M
b11b2b07b8e9e629cac2cb3d8bddbfd980fb7ce7e8423952eca200faf0729060,31-45,M
bc76842e61ebedca26bcd9eaf418e5a4f40d29050372a9af629044dc36ec1983,31-45,M
a30633b70ec54da39307b1bca0ed52f5492ce95ffb250816dc2340e12043d255,0-17,F
5ec00c52e5294492876a97164da5db93ef32b58ed8cf01d68226c1ed7b81a3e9,18-30,F
0271a1d8f8a99a208013ae3a75d36081e26d30472bc25ced8ac6dd1fcde8a2a0,46-60,F
f544e84b3ee2afb7600700cd34508a9e137204a1f55bf2f05f7c9c793a06c5e6,61+,M
3c8495b8071ff5be77dccfa98c0a08010ac000350401b693a5f4b961b81520c9,0-17,F
3803ac7fb64c7eeb9a408f241b02c35acff29c60c4d586f144124c8fd24a24ee,18-30,F
78021f5e58967b662c6fc543fe4abe5260c2e255491284fbbf49db28798a9b65,18-30,F
d3b928029d494708eb591e8d42c935363494bd162fb1cb01829009349f88a1cb,46-60,M
bfbd09d804a4325c66b9ca8d063a804f83a8267bfe9f0ec618ca9ab999247225,31-45,M
9a57d7ee1548ab67caf8771c78d3e18274a374f4171abf9c1204676920d8051c,18-30,M
b946ce82312468e724eab57f3262a23b6c9132c8e6e30713a8848f6e7ba5688f,61+,F
d875da9e30d8c13cf9ffaf98a173908efd97998420362dbb0b645c106a87a144,61+,F
0b711589c85c0598cb8cefd7c1e81df861d5a2f114aac38b9b00ae407209b7fe,31-45,F
025863560afc7b8c9b2bb07f8c9b0b0e121df2fbbbe2f5a805e4307afc34d9a0,31-45,M
299bf2b46c2d2014c31c4e663242cf1252c7b080d88cce3b4a92f83b74d0b156,61+,M
40c03dbcde9c7d0fc0b823cf6267f85696cca251dc443accf6ac27f6de5bba48,61+,F
d9b6a9917a89ffe75a69702b745bac5690f52c4610df6ffa7c927dbe92f70f16,18-30,M
e34d7953edffb5aa7d573df25e747cf0750e426691648d08082ee9d74512c5f9,18-30,M
856bbb0eb3f62ba53d9232d061765401395111a87959203e6a069e16a3df57fd,61+,M
142269fb0b4837a6e59968db67dd27409803d9d8ee3cfcd2f7b6e12f15b26ada,61+,M
8902a17473b6c437ff8c43e32cd934e7c42b00cb9b0bcc915a31c2c87b31af06,46-60,F
a5d7ccdbaa33ef6ad8ff6cdca600e6bb1ab3186089c6286d1695f87fd374721f,31-45,M
15474c9cee1beba259edfb2b489818d89d5317ad2ef1ad85bcc0b9f471eec72b,61+,M
92eb1a7f77b6b0b1587404e822cb87abcada05c31c4923f5f5cb4cc9bdeeff95,61+,M
ab354da3fa71b24d589ecd87a5023da29288a6d317b2edd06829a827f500fbb6,31-45,M
d0ddeec2f73049c694df5642f7a851d610be1cb9190b8ca2b666a56e54da51f6,31-45,F
83c85f81da982d4c9ed3c2fcc836cdf2659cfb58f416a0ba429b205847099db5,61+,F
ef8c824a356b9f1c99470aab441219594cad3791ef47a5d4746382ddf37d2180,31-45,M
b68bc56e81ae3ddb848d16e8612aa85a267d40112a60717adb62a778ba985b80,0-17,M
08198b0acd2a75c2621123be72730f105a8950937931312ed96e5ffdd406f017,18-30,M
24cc460298985b5aee0c677b130089b61b88652596bf3938bcd37a68cedc582f,46-60,M
a29b0b8a8a5283bcac0ee3f87fc316a362732ca213d0d6508e9fe78f2c82a662,18-30,M
79b28ae955b3e4fefb94b8b120f761c3a799d2a1cf92e007cbf832f205ab5658,0-17,M
f87eec8033c9a4a2b206329ce8f33d3fa1bfbf179aa265e4669aad0ed345f56d,0-17,F
80585c698e1ff4e323dfc9b3e5e89160f4cf219321b27396c167f1ab4b57b3e5,61+,M
05eea77c075ff7329e9eb383df908cc03d91db1aad14d9e93f0e534a08c2d972,0-17,F
b4b2afa486548039f1dedde245ee37b6266f06f8eca7239e552a678ca08a0588,31-45,F
fb8fab599298ca767005a6c1027c660a1c2d3ffd621b3543c2e094475a60f63a,46-60,M
ed0d591e1541e972df852ab1f85f0151ede892b9b811f3e4020bc5d4f00046e5,61+,F
cf1439f7f4c5ac458c8f45afbe1d9edcfd81d976c3b1ef5c84b956777ebc0feb,46-60,F
2f421b3dbb240a28a434b83b1cd56f07a31b837f7ed07d6d7286da17287b5bdd,61+,F
529dec5beaa31232a407ae3d6252f982c310cccdfa7e03ee0b760e4365e74602,18-30,F
04dc00943c6cc896642b413a0bca1fa231546546ab965f8f9d290a068e3bae06,18-30,F
048c0b96060f4d3b4701bde452d4b9f8fd255421f16e96394f39d7a6660db18c,31-45,F
1e78041380d764e5549aa2ac4322bd122bbcfe26a54e5cb0f6f210f11b89c73f,46-60,M
745580e3e72a6d677b2701237c5fa67d1f5021ffee40ff003262efd750cb6349,46-60,F
7acaa29fea4b531642bd8df15c9827d392571ae1861fa4b928b10f04cd972899,0-17,F
2d39469ee325a2c3075d39c04de8e52cfbc1092298f34ced68bd33d45d5d1d7a,18-30,F
e28d79bc75f4ce24f9fb6af4dace2150680aaaaebf60bd778f49c587840f3e9a,18-30,M
f0260781fb2aba4e4277a4959cefacd2211aef405843b1b72f148059b1d4d91e,18-30,F
75889cacbe32620502724d1e0c9489d9fb0cdafef8b085e7e3b558c4871c7132,18-30,M
37f70e517d13b58c91152dc3c591320d5d08e0be15019d148e5655232948953a,18-30,F
2b4f9a36a08983a014ca1b0c4623c8bd01849514b4efa8ec0bfb8c38c7d44e76,61+,M
3f99f09b8067da26accb576db3f2755d59455a28748eeec02fdadd515a928c70,61+,M
1e5b5e5e2726e92d43a323d8f50a994cba39b290d4cae816a26d15ae2e7cb1dc,61+,F
1244258127ff3e4e2a0c965fc60154de658644e5e621ab1c633773331b25c5f5,46-60,F
100f06a7bac943af78bd02e7f9e374f42923eee06723cf42bd02fa6e076c6776,18-30,M
7ea67ab0080ed1ab30e2d750fca3db6876bdb43354c5a30f296ec4835574128f,0-17,F
f15c5a7ae439f4d0d814a0da0ed58a95284bc4359467ecfbb10bcd62e48d1e17,31-45,M
a4da1fcf2618f75ca448b2f137763789ac6d1f279aac1a0e4865f0d7c48f840e,61+,M
b0bfe7ea76889d4b319c3ccd2fd1d8cd443f7cac693f30da883ac5ce072f96fd,46-60,M
fff87090542f8b51a79bf35133444b0f8471fe4637a7ded64d144766c44e7bdc,0-17,M
bd0ef7ac351464ae1f4858d80d738a666e8a9798b43083c61049fc65b4ef2eb0,31-45,M
ea2b1af5291e12c0c2611bb064e78be7b194642f34f2e9ff47c1ae8e4c81c7bc,18-30,F
9fca29bf66969aa3fdb96b272c6b766185937f5a27ffffdc97de71a222add84d,46-60,M
b9b32695ba2e1d29e815b3bba7f97a87fe9d15eb10a414dc07784292ac860899,0-17,M
0a093d698b33ad8f3a16b652d006c66718f552e2709910d5db13ce04faab6a6a,31-45,F
bb7774ccaf953afb4ae638b67587b7b5f0570cabfbbdf5e8da80edee03a0829e,18-30,M
b4fdf273d54b2ade5506a89ba09603e0594ca44b488621e16852cbc787ac395d,46-60,F
2d8aa20384aacb9b04827e3c5ebead3d12aecba76827f609ebb69a373619ee49,46-60,F
acaa798e8ab832a8831bc3b9ff7b7ad8e4926ab6ecfe3615f68d17b4df47976f,46-60,F
acaa798e8ab832a8831bc3b9ff7b7ad8e4926ab6ecfe3615f68d17b4df47976f,46-60,F
901331ea90015d4bc0291766f4f107a0d34cb5ed3825fec0e3dbd03717fde73a,61+,M
576f2b5c5c776cbeb15003127b514a4311d2de2a9e3efe9a4ba27e25ace5cb12,61+,M
c9ed8557564494bbe7442b4bc16c6e43b59a5a4be7ceae2c1c2e95f875aa2c21,31-45,M
d1406331ab9ef39ab2b3392b85933c1dab382970373f5b7ce9dbef3bf9b912b5,61+,F
925ec241dafb2b93be2f3e97032bfe0e5cb88bd62b489c564a2851b26066b331,31-45,M
3690dd88fd47d82ecc15b98b3a6543e9b3b99ea9e554806446dabf33557a288d,61+,F
e7e2fd3e0f43413b0f2816f9133f31ae829030872daf7ce985303c5a37c94eeb,18-30,M
e0d8c1e25660b0d08ac00572c2fef43d82eb0e315d4141db6970f74cb7183bcd,18-30,F
7e41938799d4afd46db8bc75a3b0b483a41627daacf0c1f4f8ecee4cff16c534,46-60,M
a4df934159e17c6f77ef8d393588441f9c9abcf50194d863ddfde514c1ba87be,46-60,M
2931a606a61afdcb673da2a9e0ac7d0783f700c913a9f329ea2ea116a99e8c3b,61+,M
87979b85c18377fa3ee43dd3364f334c31bb16b6c28c39aa06a0ace2b2bb137b,46-60,F
0e711df54c5a4d521d94280c5de2ee7b1c91cd052b2a5329921f5ffe1065c042,18-30,F
6146a37de4a35d497db192de8d10396565922ccdf65b165704580b3329be564c,31-45,M
ccf9bd5ff5d83a193323ce5f3df498036b7b1159d06d994ae19139d4297a49dc,46-60,M
acb156fb7ddfad7729b4e1b7bd797e71b0e0ac40f373868930aa72f10afb0db6,61+,F
a4621f35fd3231fbb9eb9e2f8c47ca4f399e9135327afbca8dad3cfcc75d5cc1,18-30,F
07a3446b70aa29f89b24c87767b53f0e01c381ce0b141dbced2d616ea669d4f4,61+,F
cfc35c9d3cd9f8deea603f67203cba18ef85d22d30213c6a46b654ef9dafab3e,18-30,M
ff421e0eb5002c2a9944fa12b0d74fc8ef50622bbeebbfa26b19f0e802effd18,0-17,F
95ad0f4b0913dec364723df2b083ceca579055a93f5a310cd1067563ce2a6eba,0-17,M
5d042d25d06d51fbd78a2786c9f26c209908332be3a106bd04d4ca9068850202,31-45,F
f820bcabe2cfa92b6146e4c4ce301609ca46e5204d9283832d66bd798c93f95c,0-17,M
e34896f79a0e0759380ec16c206f581d69ced88424a2c7256da86cdf0e0a46dc,31-45,F
8d8f20ae93511da1fc31c3431fca0b705933fa3f85fc69c991b41ea56371139b,46-60,F
0e5000ef0f412921e5b5896809226c2a356352c7c85ee1b3500ed05f85001720,31-45,F
9c0013f4322332d261239555dffec69c06732e935d1aee087ffda938caa7c7ab,31-45,F
1512a5baf5e3aa4d825173469c8e1c926d47b56c3d4cefa02a289248d37a808b,18-30,F
9bac6b18c15bfdb3a5e18c3e5fb7ccaf908c88cedfbbcdd169751f44b2230a32,46-60,M
2b4d0c8fdf599c052b4fd074e6545ad56cfab92217400417ac526e1780373df0,18-30,F
fed7830ab27aed68bf31644c43cf29b25436d2d52d0d657335cc97b7f03958ed,18-30,F
cd5edf67052a03de5a25e4737de41990014e3d5225e431755c3604ee897399a1,0-17,F
253e3decf26bba87ebad66473c9ad56664e004ace4b3cf396b23d9b89fb2d722,46-60,M
c5435a1fb72283976eef5af06b19e80deb12ba6dab03da97f29f2792c1a248c5,0-17,F
e4a82b2a713097e6262aef24c33fd7d503c875339f1864d37634936f3a800a47,46-60,M
b48fae1fbcbcd5a9cf70bb89421239b93e240237c143c30daa9193cfa9486d26,31-45,F
e6450104d06644bf2863df9ed5582ce863511dbf53e43924bf1abbcc17608272,31-45,F
9fc95a8fd9fe12d501fd01db3063ab9c5330a24e9235a6dbd1ef3aaab3f0a06b,18-30,M
42b87e547dae3cf711f32022a9cb7cf3f038e48e2752358e9b58cd59aa5e7d1c,61+,F
7e8681b0b5dcad0de38066ad7b0a7c2be54c6d39727b1b40a94c03a56faa1c3e,0-17,M
051179b157321a62ad4c619eb42654918b3783c788cfba6aa7fd34b1c715c5f7,0-17,M
460b5a5ad37a13083a7b252b274cf64127648c898c6e4c0aa2e4dc3f038674b8,0-17,F
34c50cae2a69e63d8ab12dad7deab7d899ec2b075a9fd574b07c2ab05d81b33c,61+,M
300e516422f3080e62d5a1d3d4f1b482b578c710975404636d66c302974b9586,61+,F
b86c4bf1fa01ec51c15c338168d4e625007e59b602487261959fbf8382ec9ceb,0-17,F
e99a397d871abe71fc54ab78202753f568d01b3583d79b3ec7d3546f35fd8405,61+,M
c4815f266028f068c58e0b99f862eeaf65c210e25072af5e72a63ca53af020e4,31-45,M
dddedd8a74bbafefc91cf56c5d32abf6103f6214a807e64508c072a1923a4ecc,61+,M
0c217e152ccd55f1a535c71a74417b87d18517d362761af9e40aec699d050137,61+,M
d181fb10cd0eb2f656ea39612115738f4b176e2cffb0feaf83cb236c379d120a,61+,F
013d99516c3b5284e05ed24e98fead9f9c3fc2ccc5886314c7ff6b72aa3a2482,46-60,F
b56dbde0e0be2b561f40b96027c685159781a84b10adca21d650d985af9ada1e,18-30,M
33ea68b459868b9c8926656af97a0b74cb353e94591689436b4d73861c571992,46-60,F
b10cca87bf39c2434d094f305e8c8bbe33583cbb8f70956cc9b07aa8d93058c9,61+,F
5aadc6c083027b2b87c4aecc6767c86098104772d3a66d0dda11ab4cd031b0b5,61+,F
7ae0a3e744a2bd37750d3b84ed95f70b570eb5c4367f6454611d81e778484d33,18-30,F
37b790ac45eacb4d66f50b7c5f6adfbbd850f1ef459633d46e1335583be1bff6,46-60,M
6ca38ffc450ae62263f740a07c50384cf41b8e1fbbdbb5702cfbe6ba296c293e,46-60,M
081a2b17323ae201cb16fa33d3c2494e3cc3d447b9114a9680b391d9d76c6b25,61+,F
4e93da8edd75970ab4661c644bc1ababc1440bcce6e1be1e781a20f5ca67dc38,46-60,M
e453e79b699aadfa85bc39c7dd2730f841d1f87123c949fdea49d3dc23717e6b,46-60,M
c4373c1b39af67a844b4f0fcb9af4efccc01f7d47ee13a02e81537fb003c3306,31-45,M
5db4e5dc07ac3fe8280e13a01e32e7f031f078e4af45dacc27f1e2f07c5bdbc5,61+,F
ec0811c1674ac79813b0b65c9f9a11f245207d0976e55485d92910094e644390,0-17,F
0e699f0e06c390e586417eb020e3a0d80b33e618c62a55599068d510c850b9e3,46-60,F
e1688c6ebc004780bcad9096d26756199cbe40862ca62d8e2d77c7a2f82d0a5d,46-60,M
67bd3af4aca1935d5e894c39596c00c1462af5936ac82f98cb783078b32b6c0a,0-17,F
1912700de81700fc229f08af6a55351ca14389ea0c0b682b5d98f7e43fd18f79,46-60,F
b3e6d1ab51a6c1534788e4eb16a6c052c8bdf5dbbb9b409228f6f9687c117684,46-60,M
6c3dd074cca84038820e44fc7349e07d377e8f5d75c8d3477c345ac57fdc04ad,0-17,F
badbc8cd2f0a1abb3798a7e4bfe25aeb01f21bc0469d012e92ad7a53f4909490,61+,F
68817845c7bde67edec29d198d21c1460e32dcbede85fd085f7ba7a632b75af2,0-17,M
705e8a54ff06745a1d7eb7683081564cad6419b93cd7e231e99b8e45438caae8,46-60,M
057f584babdcf5f8b5a00a11422fb1d3548b0f6452655b0d7c48cae445d21bcf,46-60,M
fe8378226aea284fc0bde70c404202521495e2831d1809e19eed560393f944f3,31-45,F
cb8500518a266d0a024d0a16e212d8f568a9d5a6ff092b0c3a15c9f2851823d4,46-60,F
dc93ed732046e4d5d66a832fbf972b92250dc026592500fe1125c973ec8b9e18,0-17,F
dc93ed732046e4d5d66a832fbf972b92250dc026592500fe1125c973ec8b9e18,0-17,F
dc93ed732046e4d5d66a832fbf972b92250dc026592500fe1125c973ec8b9e18,0-17,F
6c0423de651123c912d7462051e6bc345be6288cc0aba56f3a25d1004a12af7d,0-17,M
ceedeba768ebedbf35f796e8c8edbaedd1377b9bed74c1e9d1ffa6c4d80c8219,18-30,M
493f03c091f1bb5b6181ee7ab114c66faeda7d62a9ca480f33d547d492e5b590,18-30,F
109ca04420be7bd482269ed2ae4255dcd71241c4ba0ccae0fec8c698ff0eb2ae,0-17,F
090523303005a2552d9d5c402165ea90e12c9b22363db18588f61372dea81132,61+,M
090523303005a2552d9d5c402165ea90e12c9b22363db18588f61372dea81132,61+,M
e0c4ae7c95c83413b3810dd2b7255fcbf8bf407eef7a1b01f21fc01e0d1b73e1,18-30,M
2382878de23938315ab4c1890663304c3efc5452d54d7774deb9a052078d4cca,46-60,M
b0b0967aa76f93a11b6a6eb1aea7382efc39b6cb4d5c347ab133813463842e8a,46-60,M
5e61dba3d3be01ce56f0eb0a343414c0fba66c93eb90e7c52a7cb4b0481b8314,61+,F
f6861027e97fd3c0d6dc2343758ac39888e39e1a05c31af7b55f17a294857218,18-30,M
e3c878433ba57c2ca8f9d7b744b733276d9abeeb89a525718046754145e586fd,0-17,F
0e6bd3c6a7ea5235ae22a6c35dea9a80ebb66b6997afe587cc69b4be29ae576d,0-17,F
ea9422e929a13d02813de016955d26a0bfacef41fe3958c78687e7389e504468,0-17,F
d79a34f57b1a7071f7288264b812d63b840ca7fee1b295f044992392ab2a1e9c,46-60,M
4f0fcf7fa9722f71c9e589360f458c2e186b3827dc766e79c6d467e5614e4fe8,0-17,M
671275e88f80ab6612b251a834bc7c2c958d795dd8d53e18ca9e1e16136f7771,31-45,M
ab9f8c049da1799973249de41a2e0981bce29c28386eb04f7746466cb4b8c085,46-60,M
dc6fb047661bda2ba8f327187b9cf1aea702d869d79b63688e0ebfde76b1f20c,61+,F
c6595c4a92145df79b40adffdf697cd7ed563bb14fac14e4f9010c1083ded6c0,0-17,M
9a5d603fd6eacc409027cb091b3ea3b03a3857bd38efe4a1b2ad7e450b585085,0-17,M
c572be8c765284c030826ccc2a248fd4d939365db7b6eeb4afde34c934deb9b0,61+,F
adf953b0aa847b5182673af99fb8a2be406f8fd8c9aa9affd2f8d50c1d345e43,61+,M
4ff00403397e83e71b7bac58d46092c1f4c0558542749ae813ddab899eacdeb3,61+,F
20e09fcd1bcdf6adcace35266b8c3d44d1b16ac792d199846a07ecfb1f4d5dd1,61+,F
7cc494ed01333ca3c7ab0eff63086589b5a996ac86ecc321bc389393be71b5da,18-30,F
2289bf748e0e8ad06321bd12f0906128d2a91e7327757bc10bd7a6611a2c9287,61+,F
9c476f4d33fef5a4952438fc92ccea5fa9c8038dd60020214844767d92ef0dd4,61+,F
6d64c5db9320443a09f781a2448e89f34f0981a8a62009bf634605c5eed2f85c,18-30,F
74b5ac26638e5b28480737ec4ddaa86564e552841398bf9790f80b3e77bcf91c,0-17,F
d4ccbfadbe630f46c135d0d8702ba98455bd03cd6293144ab3c60b8ada5cc378,46-60,F
e3645aceaf7263fa768480a43ba4286e60fa254f986bb1b251864417b42f1c9c,61+,M
c2f61e9be3d5b855846c5c362bdd35e8d1441dfab903d122b461088e3a36830d,46-60,M
dcadd8f9dc6e69dbaf18cc7bf47beee23eb6d886188c54137af3eff804a0c35f,18-30,M
9182058658b2ce97182ebc13b51ac923a7c0558824d95a958924aa218357a9ed,61+,M
a2f706b6178c3f8090421f61031e0b4e0f53cb1323a0f935479b2570ba0b6073,61+,F
547d9344fb2018b3014f8911219667d36401d2e162a40cb2f7f9302c1a662630,46-60,M
10760f5869cb3300ef931074f9a321622460186725400f7051c238775eac7953,61+,F
419b628fc9ea162e745f43386796fe33831c7c6c142a4bbc0e5bf7dfd2a89f8a,61+,M
06931cd777aeb4cc686fbc5e50786a9d9cec0e78ebb989a9e076330b62a6f35c,61+,M
8dc928bdd6a7a7903365d77c2b04a4497020886d70a70ea3f8a4d2574e755aee,0-17,M
1f48e7b58235f1c6c2b7353190b545fb09ec1a460a4d9b3700a2542cb336f9ad,46-60,F
3137acd53e7393d62aff5f9ac454dbdcf8a6936f50b2d40d98af38a5d86609e4,61+,M
f2e1cb35b74d366920d797365caeeaab3eea7db0becc60fb58aac63acd97e1de,31-45,F
a8d3a0706b90b36155c04d4b89075e41c3b938d6e766092b6952382382ae7676,31-45,F
fbfdae7167ca504fb6574b58058717aec2eb950ea169dfd4a4e81f4a4d437af7,18-30,M
0a7fd94c6462ec540a915ec379638303b93d6dfc232cab50baaa2fd78eab14ee,0-17,M
d79504b5e76ffb8975f06b9c165a048267be7a2bdb062a073f70b70404f9b20c,61+,M
f07254f86ec9f20eb2ac1fc13f47c118938edb78590b5686d4f5b50c72e8dacb,31-45,F
4941ef25075264b2f3ebe92301dd939fdac2784b71e89a0e36e62efe253e8fae,46-60,M
80543c2b573965641c4141d20cd9750d2cf963235cdf3f321d5256b47bbd0d28,0-17,F
dd2315e37eac92923af0c408e6edec9c9bf13aae20166f1afb4bb3235b7b3553,18-30,F
ebd2de92b9184342a7bcb91048da605ae27d244d1c500059bc22659462083b0f,46-60,M
533f7e3d8910c50b0ec45a1afeb1f7bcf0e73ca069bc544d57a8078864b2d685,0-17,M
72097e858425a287cb6a182758abb1f765a4f22ee53503cc2271728328ffd2b9,61+,F
409613d90acdde04e00e7085d199b79fc56a98709ed151209739343a85df32a2,0-17,F
2bddb7c7a8ab0f6dca6a9364b1054f90d154741859924f6d92bb6275e747c19c,0-17,F
71fc9efcf34b34c06caf917fe6fa53b81133b60a7a7c7779e94702f1341eae8b,18-30,M
cbe07980b1f4550e71361c041c8f378a123c61cebc1758c6e1b80a2e268275a5,61+,F
3335200f8c13730ce3ea39e3d6099320f25e1b2be89a55f4666f7d507c45c594,0-17,M
41440d46752b89c5ff0bf3d1a51b33f6a7092997f4755b0cc6ad55c1b0973b4f,31-45,F
9cb708f8e161bf3d52369ebad00536ac0cc876bc60c3cf6f63b85a2398495d03,61+,F
9cb708f8e161bf3d52369ebad00536ac0cc876bc60c3cf6f63b85a2398495d03,61+,F
9985af7cd23dbc3b0b3d6d654015391b8f54314efe44e9f3501c1b8821178042,18-30,M
6613c11bef2f73d9c12f23614a08b0db2e5ce7955b24d9c36106912af1ec814a,0-17,F
b39c38f919ba35ab59cd91de429569bce4bbf49c22c4c05ab7adf1f6dc3b15a3,46-60,M
677104faba0eb37cf9fc7912e402bb55962271b7b600ba163c03b6446ac91de4,31-45,M
f5f696de2763d9f378980b6eb74b86161e43e5062c050dffbd2acc7c5cabacae,31-45,F
b8c912aa64008533a1887c4ea67d99233332cacfc9fbebf18ec82a4c8e8245ba,31-45,M
38faabe64e16f95cbebd90c6e9391f15bfce7a5337a6e0378931a7cce777e666,61+,M
faaaa19b96962364ee624e5faf3049b82315b7e912f8b99b73232fe479505cd1,46-60,F
2a54a8854f5f160840e5f70ad0ffcc10b125a105d49e24f2672c01b0d9d5762d,31-45,M
d24a620b4243d7b6c245fdf15eee1bba6ca25590beda84f7b53176e97f7a7660,0-17,M
ef2ba29a00d2dd6d719e8e527908194ebf728fc15b66a7bb3c5f76493906cf21,61+,M
904f296ff2139cc87152e21d5022bd0862257705e9e7a7ef44057c6aad3e3953,61+,F
cd95778e61fcb9bcde5bdebaf1a7db91c7f48d554f2f23b84bcef9a11cd46497,31-45,M
5878c05908f7ccf9727182c3c14470e84de2a2d890aa6a301ecb7dbde8b34ef3,31-45,F
40575ed9745986cdc14a2af5ab664056e63f5a73877a130d69ada80bdfc19402,61+,F
bb10550c0d068be3fb6c712f799cff57e75b6854151cc94f2df72c92cffd05a7,31-45,M
d81720d125b14151469b4719efbe90ab85320a21d83f4fd7399dc7808856cf92,31-45,M
080a17634682e71ccff40216f33d1db23888846acac37c1bcd92906b217651d1,18-30,M
511e7d9fa171e55e35373be9e68691a4dfd998e80c289ae789eb09ece8a632e5,0-17,F
f97a8413a487f6d5e7a6c6f8a5004d8a5ffeaeeaac387769dc71142257e37ebb,0-17,M
24408563e5a55389f4d0c14b5c0ea4c58f2f5884eb1733220397e93a75c7007c,46-60,M
b0319151afd041aba0c645d06c0f8abea9d2711de08340c91f4602b325080fec,0-17,M
1e44d31c0ac77c9ede67d3c3784a08e99c655ddab1fb9133bd0a82c8d4f1fabb,31-45,M
e8aa0f71dedccf9145b0a0c06510fe3150951b4e05a1f9feaf232207d77c3ec1,61+,M
0f1a22c91d0f0def2cbb84dc522ed90ddfad6898003d78b0e5d4ee1c7c8ac1b6,61+,F
da15c99dc20d50e06abebbb036a7275c44ea7d078611a19e8af04cf4cbd45319,0-17,F
67455a9d4cfb64033f16ca44861f86efbe78638e044bcee1eac0d45a747f402c,18-30,M
070c4bb71150965a2eb0e9679d4faa62494d101fb20b461e34dcec7b51ea5414,61+,M
5e9b06c3ee353ade2fe6793b2535735c4587e584144a65a37301c5a8daa9d8d0,31-45,M
5a4937cb0594ecdc529a73c63acf41b333875274afdba6cf119d379f81ff5539,0-17,M
eda3949b35498cd8ba32356b6e4f2e4346d199d612ffd85403d4ac73cdb19ee6,61+,F
69b5e68dd6e023bdce827c0154123c85c52134492db4a8d2f6017b5502cb9da6,46-60,M
8265fbf82c26f5f4ea4718318fd82549bd67feb2c7eee42d0a82a978fff7527f,61+,F
a7885c0bc0f34d98302ce80a22db1f2e36eece420268def71da508cb274e2f65,18-30,F
39d17754fbe940620f6b6afe39299cd09366b97c2b5a0806dcc0fc0318a63051,31-45,M
b3b2bddc4a1da01906c583ec44330f267849113c6afe3d26e04eafb43be7bbba,61+,F
64f53d7e7225fc3d64f3f6540d1a810613c211b2494cdf30765f96cf586355c3,18-30,F
ead35841a79fee2737d8873b15d094d44e54d831f202fb3ddc4fa84ae3ebb6ad,31-45,F
6b4d39719085b56327564fceffcd8e91f050b1fedbb9106f2295598bb7b964a7,0-17,F
9e58fcfa3c7034b07dc4f8204c1437ed2071d97a7600697c6fc980d5e33b6fc7,61+,M
4cdb726a24e120816f3083c011a185a0d34c978247e769e24001a6b122005f24,18-30,M
e33f0ee497a4e36763ef66313b36485c2a5cc76f38bf132368eadfc2e6527435,61+,F
5283b565c90cc536cabe0fdd947f5841872cd6c8449d1b96e8ec0de5a4e2ce4d,46-60,M
1fa22c4b51a16d10c3645a0087accdad2fed9ce11f93fed4665b2a953dcaa50c,31-45,M
dd0d4f009ccd8b20446938da00fde4d16ce9a707f7318dd1f54c3dafd7e07f28,61+,M
7d6e0117236bb59cdc989b4cc6f3dadf97dabbbefd1f8558ff0907ca3c56d895,18-30,M
ff1e2165246f8ed294c25e549e29a00e84a9cc92fd11edf62a8ee1ebf7515c3f,18-30,M
42b4927dc60e6f0cee5aaf08dd15e3663c7afb1ce1c530cfb4c6f232b72ee878,61+,F
e6dd98c385a1e09d78c5c20b9d725defbef194acfa70278ea74d122e656c49da,31-45,M
bf219043426100ec85812e8a37d44447967fc2afe70788790177dd4e49f4d094,0-17,M
598f3ecd29618917be0a856163f8961e27fcdd51dd54738d4dbe36dfd365acb1,46-60,M
55281da3ebd6f483776c295626ccdcd28aaedadd44b8081d903bc9062a4d44b3,0-17,M
bb9132d26cbca0e016df03b78092d28936b000d4e484bc0e3b0a154484a240ed,18-30,F
ad3bdf275e916fdac402d01898ca3a3c574ac15d01c763ad5c76f9a772a79c2f,61+,F
155f615a79cd281d2fb1d56326539c5cf86fe5dbffd9bd59185d970762eee84e,18-30,F
55b87590861dc53ad69726409a2f86abb88e1592dc3cde72c26ac3e8760ef04a,0-17,F
704f2f60253518efc14299ff656eb4988280160e8ddf10b534a049233fcfa873,61+,M
9238aed697b53737552fb13265a728aa7c4afa319dee6756640baac14e5946db,61+,F
b7f4fe05ab8c194a5b87b564906adf1737d96aca53ef4a4822b7b1e0b160bcd3,61+,M
344b1186310b77f634c517ebc362e73d1cb88d8e5d694dc75479b5ded6baa922,61+,M
f2263e28156d59f14eeba4506859687fe65b088df07c14a0ab56af2a77f09d65,0-17,M
061cbc880123b92060ec8d82728701002b20e22fb5941108a2d038cf0e0e618a,46-60,M
8a3b05f6e9fd84906e5ba274b4076218de6899ba8b20e9fc1d5b1bf6632e3601,18-30,M
9c98c8b1d89a4e55dce19251248a5b5625dd74a91c54075de00a12a03d978233,46-60,F
6e32a20f3d30ee9ef3961b81e129846f851af1ff41664d02544bd9b316c46e55,0-17,F
7ff5d504e0d5d5b53c0f96fe7923488af6e78f4e42b77a8240c3ceb9a75aad00,61+,F
fef3551179d3071c36364f32685122bf5ea6d3a401fcc5707960d1986ef03b46,18-30,F
d53bf95834e2706661adf58091b3c62dd790be99457254b9d928c721b1549304,61+,M
e118c8da2cb41a25eddceec8caef73a9a328651d0c4e2ee3445d67b04909d028,0-17,F
15258cca169e4b6fac5a723b1441d132e8627640980bf983d4302cc0334534b1,61+,M
7f7a4a05ac7584dc445b403e3f3476be43426f7f0889117eb963af5f8bb1d4c5,18-30,F
228617b3e082657a58da30650b2fb1949a3b5e0caac340093eef48a1c41397dc,61+,M
9e61fe0e86b4cad7a455db60ce2f8d93248386a575d692ca20e92bff7c443b4a,46-60,M
9e61fe0e86b4cad7a455db60ce2f8d93248386a575d692ca20e92bff7c443b4a,46-60,M
096ba8e06e5b018fd044b5cd851d8d10ee79e8f64899b03978fff2932e79b3b0,61+,F
4bcac5beac0efa8800c599ca0e0a00eb0691d3e6743379a549e5088969ca5bbd,0-17,M
b6212904303d11c84dc00f8f5c6098f40ef16b4cfe72e0e8f527f43238cbd88b,61+,M
593ce4cd123b30ba32fad0c71fb333efde01434bb05f23ed38d0fc53ecb5ddaf,0-17,F
b5153a246a1e7343adf87c0668deb370033227d6fa35ae78bf7eabf4f6cbc782,18-30,M
ccaeb9c55d66d7925b9b4b257d89a2f3e2fcc223df68dd4a43a8b85509590cf3,46-60,F
ff640ce10d9c61738eb848ea0df849a567efbd0e814e49aa9d59b56663e657e6,61+,F
5b46c230b44c531a908051bb6c234888e249b44a92f98d515e82e9fdf1fb71bf,46-60,F
ff028e62663a2d3fc2b4ac99baea8e4e38a5abad0e16a0661e0a49f39b6c64ea,18-30,M
064818144b3ccab9eaad971d0d31b0894d006db9375ac047427703454f37f75b,0-17,M
d78d33086a6ac7092ce5210ee0bc93c09febeb9745177ccab0a40151aeb89c3b,46-60,M
33448755f9a85861d43aebd99baa9d4e0d7b1ced176c03be8cb592f1fba50da2,31-45,F
1e373aeda1556f7d6017e2900a519b40e81a9d833fb84176f353c5077e2b2936,46-60,M
d38568db2aa153115ee25ff07b753791c01fb713305c8c915655b1a4d99f024c,31-45,F
c8666e35e4376147daa64fbecafd2397fec3516cc643574c7d70e26fb1040f2a,46-60,F
bba5061a33d739cfdd3a5b55460a8173c8fd1952f3d64c8d0fa79c15cea4a34a,31-45,M
d391d51a20b5d10035274f269e7693ad48de80b4ff99b61855f4e4313eb28a99,0-17,F
46c37b0969c071f44e483ad1af7011824bd31169e039a3e20ccbe748eabec60e,0-17,M
f71b2e5840bdad5b08e9e54f4ccc6804cabc003285dd569950ce5268022d6f1d,31-45,M
b7bdfefb74cf63d4089f12a9cb9200236d2dde0c566a54fe4ed303ec12724707,61+,M
8f17327a2f7fc8ca78e5d12880ba7f8e832629623047a94108519ba93fae2109,61+,M
8537c2efa30e935deb54fe09333c46fc8c4a8e94c6a0d5071c78a160d734748f,18-30,M
4556bb39ded3dbfee4f4134d238395f0ab4e5d6b6c3dc8ee1b93d3d884288e48,61+,F
8e26350544cae3f0f70ce8db62951546a2e8e09af01719b2917ac5c05e1798cc,0-17,F
76164d843b4d1aba5114bfc16e7eef31d713b963ab20f007ff2fcd4bffdd34d3,61+,F
07a0259519eb0a80ac7661f05be9b08e6a7684aca109db02b2fda0105bb44a29,46-60,M
584be399b93f9a946285e1bc0a358895e9dc8f301b445d214321f144c3dc0006,0-17,M
7f9551c5b1ad772e43188cea0c2a7b521c53437c938aa9d0dc97c84254f0fe20,0-17,M
d17c0b59d7288f090af93cf6497954750e3082831c79a5fa95c7bd959b3b8d7b,46-60,F
92073a7e65d3d0c77d30168a3449bfee37f1eac6aa1a9c044d44f77962da891f,0-17,M
dc3fb38aab9df1c81e21b57b1e36fec002153e68c6f7feff5b8aab07689146ee,31-45,F
f74c7ceeba75df59fec0de11c68f8fbc5171cbd8ec128eddf975cde87f58a095,31-45,F
35430287391de581e621b9614f829be68e799590a1abee63f4e54e7644d50cd3,0-17,M
8debcd3aea9b924582f8e7731f6da70c6bc861464f1273b06eb3bf0c8e627e97,46-60,M
d97e64736317043581b903f37a496bddf921efd523efa3aa987e94c58f48e977,18-30,F
4c76b2e19e760c735e901272308cde7ff1275a49afd4e3debb2e5b17e0566d59,61+,M
0569019098c7cf5a8cc47f9221abee18721c6e392b0b09c277db7e11ed6d7e4b,0-17,F
63e1c2ff2767ca8ceed81263ce666870649190fbb395864203e8c6a17db4f468,18-30,M
805887bc8b269370d918c709596e579c62d93b934af27016b1057371dd8e9a91,31-45,M
fbf5b8c199215f7801b99016185d993187d33be787621de0ca07a2fb93eea6d8,31-45,F
c89bdfca99ea63ec8991db799484333a09c6141e18d512936ee2f54f743924c7,61+,M
a3eaac136061dfe568408bf4b992749453c2622cc1d9380ac0732c59d08c482a,0-17,F
1d34e778618583a02af524088ab43b5749a8cb2bffed5bb4f7422270c1dcdaf8,61+,M
b786ef2de7ab01ccdafc62b6237ffd7516e5ed3d4a87df5a875b3a61c0a214df,61+,F
3dae1d8ba6d69d9fedae34463a55d846c3f9cb7733b78e6f9886817656eeeed0,0-17,F
d1a1bf1d8dd5ff9e5e33bd3693b9717147d2f499df1369ae6c49644bcaa6d610,61+,M
15baee0146c40812621a4227541741546d7d8843b6a2ae04b4ae10b38c099818,61+,F
66f71a9732d47fbfc6639c3ffda1c4660aca8ce048f535c2c8b1cade97bbfcb5,31-45,M
977c3154ed97450c76e731cfa64c1b4071ddd7001d11e16f6425026abd815d64,0-17,M
d14267f5fd25eae2d6e8c8f531d855fba953174b85a7cc48b52f9153331a1f6c,31-45,M
266db57c2806a8daee3f67f58f72ab92b2bb26f1e5e7a9fa54cf59737e06378c,61+,F
09f49ca188dacbc0b7b44c0ec60a2c27b3010f6f769e36ca268f15943025cbad,31-45,F
63ff9a7aafe8e1502d79cbc2a0aaf193c7229e868ce267edd25e9b512881765b,18-30,M
9c90f9d7d09cf46dbd5bc724a796b3ce1fd1c65d9a531c50bfe36465f539c681,61+,M
07ff221d4ed12c40522469df67653d5682eafbbf9aa12b61b9627ded60759668,46-60,F
b6699f1f75b07aaa96b7f6f1ef1d6d58c2b00d2f311d23df9be2942ca0335ae7,31-45,M
f759df6ba33b32ab87f746e4d41398ab4b4631ed372d9d22dd1b5e478ee97b06,61+,M
653cdfb1325933b24ada6db5a4afeff363cb0f52acd1f049ffaae98513b44a5e,18-30,F
f0316f28ef6214df53c678ecde337e63f431b074b6cbf48b8fc4df3a0b16bef7,31-45,M
a500ae03c00baf216d49ec56cceecd33fca80f959f3217c46b44c80a7b84762c,61+,F
0b40c4ed7240e82b9daeb1d3d1dfec63f961836cb323b1a80f47700b744efddb,31-45,M
a8424e40f58a8f17525741e7a40184f0f28afe975a639be8591ff86e6fea896f,0-17,F
e2aecd9570718a8807f0e8649e84f841cbd416fa94f569737c9c3127f2702b4f,46-60,M
76283bc9f022ce43841538ffe90bc219eb41003010b3a528bd62afc45d20fa70,18-30,M
822b841bc5b4a4264473129a06a5df1797f8e83229d9cf8d811f49f04330779d,61+,F
e5b07d8face3853f5042e4ebd798387247f04be2c406bacaf679ec9de5db41a3,61+,M
26376445980d26bc12941def79163d953b953328c691492cb9be226039995e6e,31-45,F
a95e4735d40f1b587fbcb3f12289b87ed52b2654c3c0e088aa4a07ec062a5a42,0-17,M
0569abad026a1d117a57bdb86a2d539284d7be656b90a55283f053dc06bf3ea6,0-17,F
907899adc7befe7a3cf0c0e78d12864b7810bfac2e943f81733ef0096b7819b0,61+,F
cef0e879f29d08edf4d347ea410c96d240548f74a599ba7f77bad47fb561d753,61+,F
43162d4ec9ebb8ca231a1237815ccd5f56ac1f07f4f470abc2f47b5de6c05c29,61+,F
2d65aaff1dc20486978ace9c77e94bad4e166cd3201e51cc01a636e375a3a606,18-30,M
2d65aaff1dc20486978ace9c77e94bad4e166cd3201e51cc01a636e375a3a606,18-30,M
c3b5a3d13ab79aa38e9f97712a3550cd325822a0b9e0da7a393f66418d817c46,46-60,M
68804d131b57c8e9ee1cf92265724a27b05a6295f7b18b2f0784c35a884bb867,31-45,F
d871d6c1b0f4950d7432ed3b0be98732dd480e982ae01be6db6934de4e5f7012,31-45,F
6f3c941f2ea2181cc2e00f6b52049605c84a7c922013417e354800e15084fe03,0-17,F
c4055698ececdbbf112b48b451c3572207b84e7f87477ae3234d6886e0a66955,46-60,M
21e853f3600aad697c0928b58f515b7db0f6d7820db35fe3ca776dc81c2a0308,31-45,M
787d22fbd7d8f4f807d556f710741514de00ae5ed4c5007412692b3c51a55165,31-45,M
115eb0a83532e3d7e985fee311137eedb47134bc794e248482a2b4b2e139307e,31-45,M
ee67d323fd980d2c072c854faf365d934f6bca4a2b29a60888780becd54317ec,31-45,F
90b4e732ed7b857b631db1628f6d3aacca64e3954d38a803da76f97f588eaec2,61+,F
0a318eedaae19df8a0ef34543543c79f7678efbdc4a347243b5cee924c6e5eb5,46-60,F
66ff10bdebab942a3691e4b67ccf38b283d06a7e95740612404d27f022adc272,18-30,M
8d7eeb17523b13f7485456164878aa94f6890cdd512f8fbac513f41b96df7037,61+,M
05463a3a1fbb6b50a9556abefa2e1a227ea751041ae5bd646b3654107f4dc09a,61+,M
118cbfc2ad904ae9c31a9cb4db7ca94986da909946c3fa8ba6eba16d91125e97,61+,F
118cbfc2ad904ae9c31a9cb4db7ca94986da909946c3fa8ba6eba16d91125e97,61+,F
d5169308ce3fd20e529e3b94cc846e5723dbadb54b0c69af7ceb2713f60c1692,31-45,F
95ed3a25932715f1de8783452bb10dbaced0de8e556476eaa3187ba6fcec8432,18-30,M
872c2d1f8a7597ddba7c1d468c0ba7268feb945671e8b5048128902ef9717b02,18-30,F
026dc49da7e9c746a052556ab4f5c8c3997712675e209f5c5b02d88c9d88a063,46-60,M
7385cb41b4ff57a2e077b1415c143fa27d71e171dc3070ffecf9163a958bbcec,18-30,M
b17edebc21cc08a65ee5e9d2351ba6516801c1d9148f4704db88bdc77da0c865,46-60,F
901b4abcd16372fdad9b63045a7a38072dd6b35a12c3b1e5d20a92e268b94a39,46-60,M
7b6084460742c67cf5d01ffbb3d49073946d33ade4f6b271e63e320f18a9b4e0,0-17,F
0edb4edcab53e7bd142d39aa994876b6bcbf46d9c86bce8f32c853a845f14602,0-17,M
4765fe1a9979b9cb07210c8658de014c885340cc5567e18d8fcf5db645dee09c,31-45,F
7d9b9205eaa991d8de68f47eaf6e4897bc0e9bafbd038c8c0a2c69e4f77b4a6e,0-17,F
bc5fe68e5cdf84ae711dfa039703f9dfacab766b8680db31efd1b4b74e8768fb,46-60,F
79ad6f8cc65209e03d6bd64d676dd8c72064c7617d7c902e0df69b282fd0e97b,0-17,M
4c3a8fc84168a8bc126a5ca3af6e3f11b385eecb56dde50d00292dcc1c94ddff,0-17,M
4efa49bff9c89314e81068129ac6d30efef6f560b1d61faed6b4b18fdab4e2f5,61+,F
9520ad3d7a70d319e14e25c5b52c6b6257fe2f5dd6bb98d388da154d09afb415,46-60,F
3d2940729fbff8538a600d72d32500444e43f8339fa9e7c8d33d7a7d1f4eb42a,61+,M
29b50a0cf1005354bee43ac4169f609fce2718c926a49545f42418af74a1306a,0-17,M
4d998b3801810d7207ac5cbdf2f047be85ce56d77d60f34745e71004b9840299,61+,M
a0c14a5b58b318831041a0da4ae6ad5e5c47e2a06ebdc9e3c8b149b595d8a682,0-17,F
5c2ee892f9c113da083b5f93cb2cd85c59404e7f20884cd0a9799298b91cbc28,61+,M
d28a5ecd0c7360caecb8cd4b87c981d024e1f3f4aff9164e9ef19df5655d5133,61+,M
034a8767c4c3ac3a7e66f47328d7ce04d1a01662e42fff5d553dc38e95c187d5,18-30,F
5e7e23a4ca4cb432c8a49b9a8ae99d22522d1ee10d3b1f32eb5c62ce1a2b8e14,18-30,M
ae639e6b01fba028430948040d9b7b6aeef60a3c8e6d60187ee09508d3f8410f,0-17,M
cbe5fc42338b5e6c4656bd3f5c2e3e902808692b9151f0a698341e4ccd3180ba,31-45,M
ae37fa4a6e4efefde12bd52af53066456a5c1b5a8b5ad036317a0dc0218e0db1,0-17,F
2c22b6bad0b7ae1233f39277819cf073169243594ec9d506a6429479a5cd323a,46-60,F
9d45c506c68e3dcaa91fce413ba276f0080cfdb813fa637eb649e7325b0a106d,46-60,F
2eb714a730c43332c390684df9ee756c3ccd94a5e12849dc35429ce1b99f59eb,46-60,F
9585827735f88792e9359787c8c5048f41e5c39fad2e3f57fc925ebfe01459fc,18-30,F
1da5ced675158aae1330e1b276fb9f70b0e2d9ca7441caf3321cabac534484ba,31-45,F
984e6bf675c3775a7207205f3101cf0f21f6b264d95d6966c29af3f0a427ad3f,61+,F
0c2667ac3ad287d572e2898ace23dff926bf2ae1f6c450ede0c679b75f2572b9,18-30,M
73ee0bb4a2c155aeed1fb6586e0965012a9fc446cb63b2adee5ffe3f0a8f5ccf,61+,M
1b3e3bef08f0e2c0b93896844bcd2bbbc4d15afe9639242d07f3867c3c09bc66,0-17,F
bd1e755fb2c2ff5b803402c8a67180f47bb0bdb3f74dafc9d067f60c17e60f1f,61+,M
bfd6fd9c1161a22d5a0d714bb6394218d06a0ff0f1d4247bebcc41f14731a617,31-45,M
c24a4cc8e48a711e05b9000492d505c6315962582b12654653e312f6c676e504,61+,F
7ae8dcbe94a54464daf80d37c16be7d84c37baabdd578d32e2202f1827705d86,61+,M
02d9d27ae05319a4f21cb92e5b6fcf3b4e27956a143b05e78c46a8aece4ee338,18-30,M
fd4ebc9dc6ac0128e148d02b89e1e098861fb5ee6cfc889d7d3d650a78290777,0-17,M
32e85bfac72838c9e1e8d61e6a7f92ca881fca01a47178a9543a24f5789add45,46-60,M
569541aef05a35fd51845055d14159e660e2e5e024dfbe429a608c06a6d6fc15,31-45,M
841d6ff4bf515c14ff1194d854071d819eefe7528f5a4bee5df999ccd6cb44e6,0-17,F
e851077501cff6e3779cda283f08b1ff8ce02b3d044258a6f250445dff32101b,61+,F
fb80277747aac668145bc47a70b7ee1c7a652955c60fd434859603bc2bb0f212,61+,F
ff58ff6e9d3c881fd0fc0583796835ad838ff999894f79473af7ed3bc7d1d189,46-60,M
9ace1218d596c69b7238faa697878d47b85d4c5220f641a097ab72a8eae1a1bd,18-30,F
30e4512135119c357868dcfa2a810326ae9f8f4c74a43016116bf2ba33458b3a,61+,M
ab64cb415612e62b2e83997f579ce67fe17cc0a0720320eefb864759ac62606c,0-17,M
735846a90b8720be80c983aef65b04a379a43e86c0f4a8ccc5310b77f7271dff,46-60,M
4427ee72006f5d38be5debb43fc48845c717c0008a0d66298cdbd94790bbb371,18-30,M
85b1c6da6ecc9c6272aaf12175e38d769f901504098ef5eae84e114a02dc7cea,0-17,F
4a76a0a822fa19ba6b20e826f33fc95eb053edaeac19cc599a149f07cf27156d,31-45,F
2244667f8f0e743ad64e69773549c10f24ec562186584437d06aade905076416,61+,M
39d1daf0321a65a7a8989f5b89cb63730fa04b1f78b6cde9b2f3502eab8f0d3a,18-30,F
0dc9794bea46327cf2144b2ef6a23e05eb4caf4e2e093699f75cef32e0dcaa78,46-60,M
d75a676921b0b5ba379cbf71c9d5375969007807daae094e5449add02f6f5e55,0-17,F
9c2a76d8a61fe2469124635622acd7267218ef36954ebaa68819b07cd5ea2c59,61+,F
63fe68f9c14d380c2f19c9c816ddda65f85fade6e22e9cea4ceddc45edabf834,18-30,M
39d03c4167d7676d221533e473f0d21870452dfa5c4ba1cac63e2c5696ebf8b0,61+,F
2e77403b154c0332d8319f95bb2066431dbfe4a497fedd7c54a96c2a45720147,61+,M
b50944dade76ec98abeef33d1290c664cff21210c0f9ec364d41618f67e11f83,61+,F
f12779ec165192850ceaf9e0c2343ac911be53ff0d799c90335a2e2822061900,46-60,M
f12779ec165192850ceaf9e0c2343ac911be53ff0d799c90335a2e2822061900,46-60,M
afd81ec419f86cb4489130cd42d84f23b6fba17ab902661d11149968be4e16da,18-30,M
3d817a3baaeab5918782cebbce2614e3be8b2aa2e4a7d6573775ad000da95c0a,46-60,F
69fd58484aa6c379bc58b3399dcf2fa5c864da1db856d20cf157bb901840fd88,61+,F
4247c8365843695e9cf30d3275a93985871cdb957c8a5ea6dd92e44287754911,31-45,M
a0c25461e64548f72466c7b41f7c1ce11519b24093f5c3c8768a5d448cc49500,0-17,F
c70935e216f396d69290bd6a36aa1f5ea38bdf31d34c313050e37f1f42d428af,18-30,F
39d0aaae71bcfd7effbecccce4fc4b1af0677da8668619a85134adf6118f65f9,46-60,M
d852af5fb259e5b86aebef43fc2da8fda39e2fce74a88a7fe83002d7f4381525,0-17,M
42a4adc12f6a6b629595cdbc85b85f75d0fefab7332ae95ad33ed9b6b9d44402,61+,F
ce67dbcfa56c14cf28b1fa6f7aa2fd32ec5afdd38c0115d7968aacde47d34093,61+,M
35427d11653d19121bb6aad5104836b131a0160705d61475fc6deb66880d3286,0-17,M
fdff1477af852fb0e86fc129c5b2510e9c5f6a722608ded739cdc6277962b28e,0-17,M
23096edfe0abf9f8d591840eb022bef4f878f36e08acd9a50919bb6e550f368a,46-60,F
7a60f74e7368a5af4aa4d5d61258aefe986a6347fe97a0e1e7ab5fa6bdac9097,18-30,F
914fd328b6838ba3379c85bfac895fc6f0440b603b55ed4f057733c56c04d6b9,46-60,M
9fd51ec914cef483b78ad7d0cf66c8a67627bf459e3aa221a595a5cb7227c499,31-45,F
9fd51ec914cef483b78ad7d0cf66c8a67627bf459e3aa221a595a5cb7227c499,31-45,F
577f534d3e32239b8eb94d07a02281854cd5d6f47fc625b023d174f30bc35199,61+,M
df490a5b11a24f7f47963e5c60c3b5fb2df213d92caecbc1ba747e8f5f8a111f,61+,F
371b7666042742641f5ebad5bb9ae90d66d95a28d6bd7de403b2b21d16dfbe26,61+,M
6c78ca347eb017af2b5b06207cb1dbb8974d9429ed43b397a5e91b4af78ada20,0-17,M
499e7285cc098ec708ff0827412797bc0639092672141320cf102be85b3a672f,61+,F
985284b17b79aa5ad71275873e1e5188a1580c89be7585e6da7d01340f3da8a3,61+,M
cb63a34e951c83ee61425ccfca410cae16bee83cbaec915c07c10ce5ef44a375,61+,F
4f298002003d87c1d612ccc5bd08710bf4a0e8820b936ee256fe2747d11f2c86,0-17,F
0f5a2737d09644d601988355ad595c8632f69d1dac9092664e89a85390bde8e4,46-60,M
92929313a75069630a3f41a498062f3b99dc58e1bb7aaab8b084ebdfa4e98f0c,31-45,M
be4fe960e3eb053eef64d9f63ffc71c01720523d03da622f41c1d2156e78d667,61+,F
8254e5f65f739e58dff4687ba91c57db5738d08a27dff1de585616105e009b8f,0-17,M
b126a52f3502ee36d639ea4ee356481f58bb7dc6129dc08dc71d2f7e6d19b1e9,61+,M
d2d103f48be2ff0f5fc94d7dec21c6e07325ec0b483c03ddd3c55ceb699a3fed,61+,M
b65304c929ac9ac90b919fca5846a082845092de07e4a41e87a5f1f26d69276c,31-45,M
8327c2ee1689aa6dc970de7411a1fbd55b93f654d304f70be74eabe49621e002,31-45,M
8327c2ee1689aa6dc970de7411a1fbd55b93f654d304f70be74eabe49621e002,31-45,M
3f6a683ad204b51fc2e60f68bb5a7c0b55a743193570ca253ca7ddb9756d5c25,61+,F
3f6a683ad204b51fc2e60f68bb5a7c0b55a743193570ca253ca7ddb9756d5c25,61+,F
0d1b4b4a2c0c15d93af2d65914da489e3b953c3c4619cba1b2ea1109bb9aff73,31-45,F
61f8803a3134263d8bfec218adc0e2c08d82dee956fdd3bd3fee819009604317,18-30,M
db08aaf372fd832f574ba708a918e51fa6ba08576a45004fd5fe14fc02ff2777,31-45,M
3df0ca3aa41da45423c448fcd6c02003313434efd3e96b4f104f37b1473cad68,46-60,M
9094c77a593be04899eb35577f83fa243760abe605499bf6ddf9b98c71ef4060,0-17,F
9fbb20d09a8d2e8f94c0e04ccc255fa40f119d04321dc7707023bda414e03c8f,46-60,M
8785d97a49642176b602076e8b51275a505e4a6609cb0c4d13cfcea549aa83b5,0-17,F
e9dfb2b48762cfcee48cc9c529caa8770eb7098d475585da5e1488755cbb697a,61+,F
63d8b957834d3c5d1d565a646a77c1b965e326cbfca4427273fd69705bd5a2a5,46-60,F
40c119ce6fc328a5c7c2fd0a572c20e08caaeb8003f3659b6a371d8a062fefb9,0-17,M
d5e46f8f6f34c1db8b2c01f2e697621e6ad4879e7ef40d0929df33efdd6d3d67,46-60,F
e255fff42d012796b8b2676ba669b10d353e766255863af9b3194779c89cc49e,0-17,M
1b785ebc8f4e10966f25cc0ddce41c34d6d52826425038d97b29a9ed23cdc167,46-60,F
61864ff2276be466a69ab1a9b45c546576ecb6da65cdcc0c9639a94034459d6e,18-30,M
4b6c0c8b02b248b3832fafda3719d14a7c12256e352e612069e6a9d139c72f0d,61+,F
66093d2b239e0bdd31ca172796b9b3cca911ae9a4a01ea90c8182c5460e6a94b,61+,M
d9f2821e819f4b76ff2098e561f0ea6512b3842a6c364186884817b0c4fc8f32,0-17,F
22d376ef9d59991a42bcdcebe35f5a88750b13c18736b4849aeb338b61258bdf,61+,M
d401b2a732461488e7cfa7b6fa9b950694995088c4e9034b02cba29e3ebd2e87,61+,M
88b590eeb171062401b7dc6f8c9cf7a208bfdfe4114377d292879157d2a2a690,46-60,M
7a8dbeb399925db31777ed6db9dc78ee45725d2407faffa8b8c9caf4aaf355f7,31-45,M
99d69495beac97beec4763da5b36d3cabf97004034c7a275ba792ce6bd3933fc,61+,F
ff7f8d23c95cbc9eddd4d3d6ce12f5a43609ad5f82983e1e322ce25ebe700956,31-45,F
2426b0a2227ebf71df01c02358fbe2e0c013c32dd2ed3111ac01227c7df8acd6,46-60,M
3637cf9c2a0f3c442d1fc9871e196e275b5092307c15aaa343430617f1846df4,61+,F
c8825a62bdff38dd0a66384c87a053d4c10cda8640c32505017564104dd13cbd,18-30,M
b63f0c822b6e830ae9c355c7894d5c011f41efd0b6667b3a0d2cf9230d8bea10,61+,M
0179073eea13ca752a402c44f3c114d2f7d66509a2002d8ceaa4c35a155f86aa,46-60,F
7367c04f5225397375bd5fdbf583232e6c813b63fac8efd4b7f203061fd3d10f,61+,M
255778825079acb5b763b6559c5fc45e24e91da572163fe53460a36801cb563a,46-60,M
6feadb7c95cc2e3f9370a95695f60c3cf12be00f42aed9c65ca83917f3d05d15,31-45,F
3d686e842d77285c197c6e50a56b5426bbb37bfc344fe8b5849ff21cf82dc6c7,61+,M
91314f1d9954d3590b630c10c25210147c25c03f5de992fa13ccb44bd184e7b0,61+,M
2a07d49e429c2a72609ac309847b8ad89662fe1042b4aad685e80acd098888f2,18-30,M
ca29a5adcbf04535698637e03c37e2b55374da6438e51e5e9d07af5e72a5a7ef,46-60,M
d73e5d2c4c0077f0ccf3bc7e6444253869a547ad76e2384dbb077ab6f1f0b439,61+,F
bc683045521964cc94c27ae99da8e08e4629083220090d5554cb70c1e97832f6,0-17,F
79033b56d853693270e1b765fcd2c2250f8517228f25b69ce7432d748caae205,18-30,F
9dbf68e071e2c1bc37c5acc4c1e6272d719672928db5a6393249fee4ee9951b0,0-17,M
80bcebf41c4bf5f4674440fa55601c0d61d8d8d07e65ebf851a5d01d7ed599ae,0-17,M
127d54786aaee6c1941a732885eece87c3ff2ffb3b58fe9b4877dfbc618469c7,46-60,F
a58c687e9ba1fd6992e0c8487ce8a80ec79ef86339a3fbef968c0fc235aa9dd3,0-17,M
76c9a5786955d7a225160390c09be56b31e2086a34ae6fe299746a3d1c115e95,61+,M
c69e01f1f8c5b49bd6cf223cf519595b36def4bdcaa285f1453b19422941dcc4,0-17,M
744d91a3215c2e077d7367ccc23bcd54d683bfcb0b98cd6f5b8d3e627b607f99,61+,M
592a57960e97968130e17ea1674c5e746a86ff2626425d1c4d1c0ac8160ce884,61+,F
aa9c9a278e9daba47ef0f3193096eb0f169d60cf374d56e0ebaf28fbcb5e4004,61+,F
79c820a505253bbfd39d11060b3c014f0ed2fec7a12ba485b2d05b9009afafe3,31-45,F
3edbb9a7a8d4fe682bdf56eb3ca908210d2ca4d7594490f3350111cc9419055c,0-17,M
c6a585d0daae307ac216d4febb8665d87f55a5e48b317045c1722955ad85e9fd,46-60,F
bbc7f8fbd1e5e76ae39a26c70088e9e41e77234870df5d7022320b6d6dc4297a,61+,F
54ea7cded53f3952244526e5fb2f0efa0d1871a1bec73f5f12883b6444b9b590,61+,M
69439960bbccf2a6815cbefbc75c9ef207538300e4957acf44d36871752a1f41,31-45,M
69439960bbccf2a6815cbefbc75c9ef207538300e4957acf44d36871752a1f41,31-45,M
e93247d4c362e782ae8d64757943b2d5d2103bfe447cd5437b1365c123f041e1,61+,F
b7ae89b9f6d5b4e11ff640cd3149ce3b84814718d81d025ffc84f2349f06a51f,18-30,F
611287edff2d9e602fc6312c5850f6c8c7f4718408f7c4e4adbda51ff8cefd15,46-60,F
b72278ed23f19a8c2b41b0db55b5add5857f9d97941bea9a91953a4dcfdb7889,61+,F
d63e39fef866b582f833b5b8f1530f88b3f009a5a2a58f85bd8084715dbe2dcb,61+,M
2a83efe6c04452bc9e1eac7659666fc1e2ef8b35ba2aa9dbe5e67d44c035a4d9,0-17,F
67bd11a206eac494c3ee8e3d36126c731ac5750467ea07b569f985a27e5c9729,0-17,F
61c7785b723e9eeaf6effd5f5cef092f29f2c1764a0738be4ec9ec230c0a4872,0-17,M
c78855de749f50c7f98e978b2cfdd41aa62ab578f4c1a64e282225ec59b10bc2,0-17,F
0126b502a0b81082fcb039c69dec0c8ab60882f0da69575c4be3913c1e687a64,46-60,M
c341214938cd7c5edf253986538ef88ba218fc4e63ddebde1dedabac2d723091,18-30,M
7b3d44d6828e3b78308e415c43238352b0b6f56ef167c891dc1c9bb0aa38c364,61+,M
eb49cf07d670d5e8e2869d263302c841155d87405b86b994f78b0fa699b8c2d6,61+,F
a218dd6015610392215aa023eb5eb9f835fb61615c114e6b6baae96ea2126248,18-30,F
1ca865e5a1e1372e2cc2ceb74207227ffc8b5a70f33c3f8703ca456f0945e90e,31-45,M
95edae0cf7e42aad8885909c537182f636aeabc79386efbbfd48ab71b16f1d99,46-60,F
43ed3ef0874d6ee44b32b0f1e731d476502d43b7c5ee43f753207e3498887963,61+,F
0bca6c5dd27f6abc1b172f53c4a98961b47e5e3518cffe6d4b9c53693deb5008,46-60,M
ffd7386b5130f996a8724381641ace5b1cff4a853c1553378584a30f244d5d3d,18-30,M
0fe9c87d67d0d3d8f69523ab40c94dd9ab57cabbd1320007ad7c147270cd1ad1,18-30,F
844bcfc3767694bbbc1892893b5dfe528b050cc8a7fb5cc5533ae56387edd1ca,0-17,M
604c9afd067fac61e2daa8a506a2030f2d8c48a0c123a8b1750c198b0cf829c3,61+,F
097d1730f877c5e910f5789d79ccbbb12c982460d0c24d0f57881d9f3578c3cd,31-45,F
515ee739d3b1e850ea87009babf136b0542638289a3c4aa231c50bec8a47e40c,61+,F
fefc9ce1762c0616d7c02d0e6dfd99410ef8345a88008eccb14c39c4ad398983,18-30,F
6ae0b575caa42797d196009a7bf0f3c591a43b1d0c7e9d8d5731f683a28182b5,18-30,M
6ae0b575caa42797d196009a7bf0f3c591a43b1d0c7e9d8d5731f683a28182b5,18-30,M
8a476547d4cf963e230232a65adb7a9aa6ed589ac5f4438a7f13da335fe22741,61+,M
6515520768c95a5f9eb8e00e887f960da5f9152736525f43c985a851f5bbec35,0-17,M
fcba60f55cac724244b245a65498aa46e73d352ad9540883c0139d3ddab15a1f,0-17,M
1881045f69a737bc4f4dd7840b4f9f5b006fbbf3f4b5a605a3c66ddfbdff5ff0,0-17,F
1881045f69a737bc4f4dd7840b4f9f5b006fbbf3f4b5a605a3c66ddfbdff5ff0,0-17,F
1881045f69a737bc4f4dd7840b4f9f5b006fbbf3f4b5a605a3c66ddfbdff5ff0,0-17,F
a2e1a6df1b20d75758869362fdcd51f72b40da14a5f7f80910562c4e736e9993,46-60,F
a1807f6186c536cb15f0948b636e884457174bd4c2692684959ad17b212b2efd,31-45,M
8827f01ea81cde4c6fa53dba33d2ae9301c138d84422893db8d51fadaa58f6e1,46-60,F
a8c00815d9ec2a5b00e3d2176256b131f1d75099e67beef8ccc3e2312091c8a2,61+,F
7f8a4f8fcffd556d60cdd9cb6d9881c5f0952f211e879052948e285011a4da4c,31-45,F
739aa8b2a541b46e473efc1cbf3aca0a7c136e4a102c437bec6d2a1b70486e84,18-30,M
60a3b7a0fd4cf4e8dc1da079b82ba46eaee77e024dc64e63fdfa76f3bbaf39cc,61+,M
78e7fb09b2c2605c19cddbf9afc895dfa1b5324af74fe9c25be10e02854b5c94,18-30,M
b9c3c485ab3ab0dcda11120fd6a81621479eb013cec7b53ac5b9f8cd2e0006d5,46-60,F
fe806d818988e5ee16e1ac60627b5143451ad44b0c85d58468127ae1e68255ea,61+,M
a5a552c1a898df14931a32a03de945a5846a4ebb3638c149f05dbd20f97313f4,46-60,M
5ad895f805352bd089d1618e6d92731687f52b9ec12045b5cfe70faa0821e0fd,61+,M
9d2990bf14adf28987ad0230c0d32cf41e5dd7c9fe67790ce87de1a0d14dfc34,46-60,M
f1e921ffaf861ea372dd545d469e4e291357c01134a401015942fe6a92883e31,61+,M
a79cd23231a9a7983a2b9cb2a13760d4086e8888a47d3e599c0f66301557e938,61+,M
381fb8bf617b85b1500be36389446b3dcb63971f826b60836e4b32f6d1d2c80a,18-30,F
6c969592dda6775eb2d96d83f8e2d8e54a67096e4e750447f35de345c8b4d564,31-45,F
e23805f15d55defc4d934dad892c28277fe160cbf109b42ffd5c83184d60fd42,0-17,M
5601c71b94b41720a92b86c2520a6d04c5491ffb8752f889898611516c318484,0-17,M
8c7e78ce2506ea4d78bc86b18a33d554c25531cd2650792abdc1dadce5b98a70,46-60,F
2a8fcf287fa1e6f5228499fe1342b2862e5284695bd138093267305e7772a4b3,61+,F
1047b7c4faa338bb338b8d60b66d9ae0e7d14f1ec9f747437882f4f724a283ff,46-60,M
7aa176d0a5f6a996e7fe57dec83784416fe6d898c98ce4815d2a6492d57a6472,46-60,M
ce3b655d194dc290107d6687c2a616fa0c91e2c687bcfc3ee7015708b98bbad3,61+,M
fc778a3b0a051b6a7dbac813a765eb1cbedf5c6b026fedc4f1624235fa41fa83,0-17,M
5f42312a213a917091439e08d41d8a5f948e75823347c53210a3cf38b485968c,18-30,F
2fbfa19e0834526a73f088118e54ac518f7fdbe8b02a8d6e2fbbac494cf0e908,61+,M
b53cd664d3caa7d3461db14d746ee0bac972b79bc4dafeabb23ab761cbc4dccb,61+,M
087737d53c036a362ce2f12cd82b3eb30fd7fbf7cb6f237d0f2f871b13b44f8d,61+,M
115f110efe2c65297179f84ceb6a5154ba53e08f2d9b5659b5417adaea4e61eb,0-17,M
a04db1b85ec66df8d551e8c37b9b69bc4e1ff6bc91c7992d9d371ebf4f5d58c4,18-30,F
569f51af9b49caaa3c5638289c4dda9891ec6c5c121b463f46ce6a31e2fbbc0b,0-17,F
c754e805cc58c13693de3d6bbaf4ca473b79a20bc39a95d391a14ba226b28c30,46-60,F
26e8f177c9d0559c5bcddd66fd8a5419b5846b1e893ab28b0401e38363aef2be,46-60,M
307ef25359a956e71b2b17949d67638d87854f2a69604f7c7fb24c7c745e0337,0-17,M
c7d426d2210ced26b6729b9feacd755a815a5fdb9ef6ff68620fbe61f34c9dd9,0-17,F
b884baa483ed63465490a927aac29ed841e361a66c5a8011fbe8724504c76d4c,18-30,M
948c642d934afce920771bd5a02275b5d2fc6c19cd098bf0008da286c5cace5d,18-30,M
dbc90b3f962553944ff9d721bd4d6d97b721296b17cd8c21e256ac0227027b87,31-45,F
593f65033553cc9263a6f922ab699d24cb47baf62a49bdd5570b86e0427c4df0,0-17,F
222944dd62e3dd9a67e7a30b4bd1e9f2df5bc2874da2fdaa2a0c9d0dc0b3c6be,61+,F
80a3b499ead4cf5e7b5b7382b62dc6ad33c2e8f46067392f2775751cedd9bdc6,61+,F
3fed7f1a1fa568aed4f480389cad30a59aed89b205c6466820181ca39ef5dc49,18-30,M
565ce148b4243a51702a5a651d7d76f23e7f6e6cb0f9f59d6292fd6d7bba9035,61+,M
e9074183e4b94ca9c3281c46e701bbd0ed80985875f1d5583a3e824b8b577e9a,31-45,F
0e313068dce20d1ac040c00e54c27f768f8f2aab412ed5d0f51094152054fda2,46-60,M
28f3c2a8d2b4e70a54c280efe2a2d76a3e7523064fd65364d23f0a86d872cee7,0-17,F
28f3c2a8d2b4e70a54c280efe2a2d76a3e7523064fd65364d23f0a86d872cee7,0-17,F
d86941865dd04287dc46753709a6c0e929d3a9239a2d9b325840e3799b238186,61+,F
19298fd58334c2576e49a117e7714d5a8dc0fc9a1b9e879f7f8eb13fcb898319,31-45,M
0bbe39146e465d40ac72ecc5e7bf8732b8d8f3e9844746b4294f1d5d5071d467,18-30,F
d271929afed56a5e82b029e4026d5ed9c8d61a75b62eeb02fe1ae33c9b7e9114,0-17,M
c34c08c1d9a4c7f2bfb10683732101b1221af7112c810547556524f8b020442c,0-17,M
cbce6411448934040ed7d1dde13cdc5b1476b8c4547803701bcc1ff5d7a66ced,61+,M
45c5d55fd120cacc537a3e177578661017ef7f4ed30529d36e2e32418fbad865,18-30,M
075f6dd5d6befe2ed58ab07f2ce22efa55b8c935c798f1589f004e1576553551,61+,F
d54ca21a7e99cdc0a68fc67076104d3e857b9f653baa2eff2ed32e9198f74519,0-17,M
5c36f970d3364a3817dc5302d76c0b162dc93001f9c4ad8994b7995b4db046aa,61+,F
5a5bc2aa18d8d02405bdf0b910a1b3dfcc7795b4e9cb7f2d366eafa133988e27,18-30,F
9e9cdc2bf4b91e70025e63cc7ea079b158f64e6d9631a7cc43556b9c29593df6,61+,F
928e103b6e0df6c379eb4d766f6bbab3deb17a9289c0f3adb948b876017a207f,31-45,F
62b0b9ce01d516bf00b0225b65d7ddfab72fde5e2502e45ef408410c282ff651,0-17,M
f0dc16ef2ccee2c0811edee2f0c602b0376a7e022cd5e8e7e422a6f3a12862ce,31-45,M
f63341a0a3770453c3bc9644a8dbbacb358b386f741e193ee5563efc3f07519f,61+,F
208c5681bc690e4db8228e625243cecaf4c054055da89a2c23b381ba28f94d56,31-45,F
208c5681bc690e4db8228e625243cecaf4c054055da89a2c23b381ba28f94d56,31-45,F
03175f6d9373fae95f71dc8c7d95e3ffa5e79c08a1daef004201db6dd42430bd,31-45,M
7f99da50ad19a494319bdc53c673ce72e1234ad854bd1169498fae6d6e9fcacd,0-17,F
6cb07625c8ce61e7fb453d4f324e936581ec3f8f5a9910869e86bf2226480e9b,46-60,M
07b5816b6b729469de051b69faedb1ac6ebf19a846845c130c0eb96ee1b79a88,18-30,F
e0ba46c9a9df42b0b95915cf67847271e0c1452452258c8ba5a3f37c7bc2a982,61+,M
1dd0605125724f7eebd995ff19c52b2f2905c2d93844e0e4b51f05d27ac3567e,46-60,F
21b69c3f33f23bff6682534eb2985655efef5b8d811c12b3598bd7c5078c22e6,46-60,F
d7883315352f12fa20d6c19c3f82874e6c989873552679c898d43df7c276fcec,46-60,M
256c5e44719e844bb763f553a8626e4a668b28e4f71e8f1944f4c2ff6d097c34,61+,F
f4133d1257c4df22d1f3160f167fa0b82a2d16ffc2fa6076b0dd622aa9284cbf,31-45,F
27473346c866b66de92864725e25b82376fe9bf6c8bd24e4ebbef139b30151c6,46-60,M
39a84d8257ff5af51a77290dabea70f4a64af21808aa574e6c1a76e5256157f5,18-30,F
1418c015543bf9d7c0f0f4b223b053fd4f7cb92f55117d37fc1beb484eeab47c,18-30,M
735f21cdca87c0a64318bfb65954dce82f83e32d3ff22912bbbbc0b1f5b03625,61+,M
735f21cdca87c0a64318bfb65954dce82f83e32d3ff22912bbbbc0b1f5b03625,61+,M
a545e943ac485660f569dff7d7ecf2fe46eb2c3d114a3957887cb48579a1690e,61+,F
370a5d9b1e3c152abd94138f869cda838b8cbfee5c965e3d0343efe0bebe74d5,0-17,F
cd605f21ec12328c2775cc58f3d9ef27effc5e4776b6019e85bf0321e43c9109,61+,F
f319b5c2f49b3846b9c68c65bcaa5e73547f13dd855f35cc6aeeb84d81bf632c,61+,F
b4af8df90f7c139522006c2df3055f56b5449990959736ecce2b7f2f0b9f52cb,61+,F
7a73ce2a7fc78ef30e7d3767823226ec53bad36409ec5e2d54d4373e77bfd26e,18-30,F
d27c1e98bd8f296f816b5428e2c9730dbf01a9c74b665c79ea5c8f9eb9b85e8d,46-60,F
92e8e78de5ea033f2f0c07afe5f92fb5b2a2d23595888da275d9af9fd7d03490,0-17,M
459b89f1c1c07e4eeab0dd6c7d5c40bea90d231854870ac2ef30273e6339ae40,0-17,F
dc3fb10a20b2a80fd183dd93345a393140379b4058b39ca9e9d52162376b3443,31-45,M
8889ac1b6cee312d8700accbb812d5b60e9510e9a0aab6d7a683c57667fb35ae,31-45,F
7bde81ceef815801710f2a7b7226291fa7a3ac9bc92133f1b2fd6366feacae51,31-45,F
01dd0810ec8caf414ec365ceabcb44be661bd149b89ea50852836ccd9386f34a,18-30,M
a2f873cca5e94c41780ff84b8f18a8f20d2bc5dcd80a49c679dde69dbf6e3c47,0-17,F
ff59c2683e6104bfda79f88a7dd17f55ea278b316808d55ec0d311b985a600d0,61+,F
cb5eb9abb34fe93c49e9ada162875440b041a44177886378faf79a8e6caa9e5f,61+,M
cb5eb9abb34fe93c49e9ada162875440b041a44177886378faf79a8e6caa9e5f,61+,M
f0837f4aff9d915310f387915c3882e5f822c101a81de81391f3ef0e6440bd9a,61+,F
695819effb2e647cc96708c12760d26f7fac82ba6343df6ef1c4dfbb5bf9eee0,0-17,F
9ad6433a1cac7324a1bf9812a85d1bd69430e36b4020ca12f7ee1e1edda5b0d1,61+,F
2bb472f799372f4d0f11780096f1b1c58d98d65d1f611d7d7e881bd650f76a1e,0-17,M
bc5545f98fe1a69d4f0ca33451ba4fbd7ef74af6d565ca38c74a0e88b4ac43ce,46-60,F
807002ae2042fbff29e4ab3d8409ae7dd581793a94d252a8fee785cd64d8e024,61+,F
459c92c1ea106c529bff1c75765c282a0bb56e613a908e8fe2289c8c203d5e8c,46-60,F
459c92c1ea106c529bff1c75765c282a0bb56e613a908e8fe2289c8c203d5e8c,46-60,F
86d87cbac905451cd1cf943b93648d0f6b147644f646a978feb82bf0245d63b5,61+,F
d1000269373ad872e18776d20eb8dc5b504cce157382b94c11b4519be82a3aeb,61+,M
faec6ca7abdf3539a15d61953d677a4cc40aeadae245e68d78d68225b5c5127e,61+,M
f20f6de37622847b50267a0ca51423b0ecdcbf9d2ef7a5682820f97dad8985a1,0-17,F
05386f07f84abddbc5de731a4f1694c9e561e407c1694ec87750a89fee2c89f6,18-30,F
793ee0f084c369d4ec079bf7d5d4106ae44e0e32d61ab1a14a3f4ab207767299,46-60,M
1fe36c46c82248b03133b36fce0d6e09832e2c8f8939c52068893d16e0917358,31-45,M
b80f0792f54b48b735169ad48fab43e1494809354d2a41baabde61a641586c52,31-45,F
ddabb59a9826ea31b1ce182b4b327e1e5be2fcb5627388dbe0084a381530843a,0-17,M
932990ec1a7797587578bdc8611fb94c98f194f57adeb99310c649a427a396c1,61+,F
c46369250fdd0d074e41fd163d88486f7b572e67f60fd4acb0d243cbe7bf1e0f,18-30,M
eb351e94403b6f60c95255ea5125d89d492595be2f89a2d45b3d0257990ba1fe,61+,M
8a16a7c19a04da5413ff22e9804a9a32b319fdc0212f9c9998e3f7080d1a6237,18-30,M
5462e26b2c4f69495b9a7e04fdb2576e4484537640762a2bd5ef3724ad75b5d3,61+,M
88f7f4237aee189269417ac81c4f97a2e3ac25262ca5a762f39b765660e4cc46,18-30,F
b24576ecd2ed6403ddcd31b778d1bbb7344f6a124efad807c9397688faa70322,0-17,M
9cf322668d271072006c4f3d6b3a13b6d05608a8a4677aed4629defcb5229255,46-60,M
49062701bc17258527088cf07c7e776ff9ab8fd2f895f78327fd26d784ff1985,0-17,F
87299de25dd8eee78dd29215a6c854984d8a5a51408548083844be1c80cb1329,0-17,M
87299de25dd8eee78dd29215a6c854984d8a5a51408548083844be1c80cb1329,0-17,M
56cc2d140d7645081d7d1ce0b26d04a79a7823ae023ce42b2bddac653bbd5df4,61+,M
6a1360631684f8735cc5a63873b23ab71c24661d7c84247e8b2ea7b7a659a79c,31-45,F
ecbb0131879dd73033d039b6a05dbbaf1f5427c77db7d4a05c8e6587a0d6cd65,31-45,M
1544a507557971e2858bbcaf96434547229fe759bf878aceed264b542281f113,0-17,F
333341dd08ef9050878df074e68ce91fccd94170655336c71151c8de328de593,61+,F
ee9441f7b044810963a594c4a252d26e245255e04ef1f3ca960ab30dbe34e864,0-17,F
7eaf1e6c1630f0c8a2856d98642aa558e04431b37f75a59a998747e5f9e8496c,31-45,F
a9486e6a9f07865232cbe9a4555faad1b4cadf7b739547440da408359ab4c539,0-17,M
5f9fc9f7518e6c902d2c9c26bab9cde54ba7b8338dd4c90b8bf4389ad2bd956a,46-60,F
11e337e7f9c993d8b3c88c25c9e2e9bbc27748902b1cdc5fb3f93994054d08bc,0-17,M
c6609517bbe9e32d4ba09050c18bbfe68e64408d4c2c416d53f11e60c14374f8,0-17,M
c298cecdba76c83f263350d53e080a96bd431f42cd19de6efdd702431a28ae0d,18-30,M
9891e403b0f09d3ef6bb6a150444d7aed41685e904c6f0657120ac5fec5ca431,0-17,M
9891e403b0f09d3ef6bb6a150444d7aed41685e904c6f0657120ac5fec5ca431,0-17,M
214570e8e57cbbedb0b4b324f9d19943a962fe8291da22434f634a5989e07f18,31-45,M
f6b417a876311203b71363b2de9b23777e0a1dae3d73d787849b48272abc719d,0-17,M
3fd6c6a6cc99badcd994e57f26eb48e6a13687640d02d155eaed0cece624ed0e,0-17,M
9a13ba46d6144f965c2dbb4a0c4e7d1c7e9fba2712f2ebe46cf0230eec3c8d80,31-45,M
2300988a2e179648451303b5288c8a4e2de25daf44d18e59b0f864cb00f24f4e,0-17,M
b590517c2d468b0914ae59052dd7124002f7ea954511e648c5de1607dacd7505,61+,M
b045b556f0eeb10fc831df8ec6c44566c6cfb6f98e14b23f805fd5e0a46dfe05,61+,F
9f9f87a24f36fd58d7856b41933d68f275f64c14d976c19783e2dc50c108c70e,61+,F
bb36064338c667e548c378da8265e5e11394f6809ff1b670006daa8d168ad9c1,61+,F
017982ce514b5f5213015893b875ab28fa760bfe4cacbc26322be7629c0660f3,0-17,M
1790ea86025b84f7e5d62043ed8a411e768d2626fbad93bf03569dc640a3fc49,0-17,F
b937313b5cfe9f4c0a6054fa17cbb6402e42f872857577a88c6be5b554604cce,61+,F
e91fa858f9a657e4394b2cc177821a21fa8896cf5f4b47277d2c5bd5d253bcf3,0-17,F
c6b1aec37b36e779f2f918cbe3af9762d4d771d5fdfe40728db86930c250bca8,18-30,M
ae0406e331f05b6c3cc1862b5e628541a2ba43f543dafe5dcc31a1ea710368e4,31-45,M
d645a3f176a42988183d2200a102f0dd10c25011d7269c08a05d7313fb10003d,31-45,M
1a2d875e42cbcde58b46c3f2e6c2423ce2bee58a8f47dd3d0f6823ae4cdf7fa1,46-60,M
aabeca9f6e3bb6fdcc193ce28b1a8070c30e0911642b37b9b08823b7fae5449a,61+,F
ab1491ebbef533884df099f10492d94658d57d8720164bcd29e54f8579cedec0,61+,F
a759aaee0229400211580e1ddf0be6282fdb5e809de0389fc1b5944444cd749f,46-60,F
6a8e25c32bd2561ffe6615c57c1cbc6735a28a34dcfb3a21c1e230f679cb9aaf,46-60,F
bec7829794a0ab001d975cec779937e8d9a7b70e6edf2d2b2cad5a20f10ed2bf,61+,M
fb44a13edd72f14aa32e23e0c34c6084c7025c40f720227ee0281a34cf9d30e4,61+,M
16b9e2b63096c43dbe5b24c26eaa282d0729322e22c51ae283ec965f0e859353,0-17,M
729677210420f31c8e54ccdb8a789ad4e0d44e04ae02f71d7ce3d85b6c7db250,31-45,F
0244fd087d97407ec31f2ad53ae930cf8f76ab09f3dada66c3c8f959dfc05a1d,61+,M
a2e5c8cc57d8e8c5aae81c1cd53035e6b33e91427254a590adf69a482ae190aa,31-45,M
a4f6ec112797c51296942e96182279f4a30a0c4c2fae4901468b25a8a8ccac41,0-17,F
148b9ad00dca1b3d2358919e159c35911bb7a83968adaf8e861d72e83045df0a,31-45,F
c40c05a54c634d27000ec2a324cd133a8f75e6c6b17a76f222eaa2d4022f889f,61+,M
661416e3639271e2df11ef3e62d640bc2f517a6a07132f85f15c230a7a3d9cff,18-30,M
3becf5df47bdff1dce63de3a38197a771e8c19aa38bef135b1a459eec32e1105,46-60,M
9585a6fe9fdeb56c2583cf346135f842c524d064c6d136b701ea94cc32f44710,61+,M
cd9411366cb12a607d6557d82dd84d79ce3f1a60fd3c3b1587ea7debd76f97f0,61+,M
7da056615e9de44036a97bc53ef4dae7905297542ca3ba538d600ce7e4d2ac6b,0-17,M
43d9bbdc091c85a2c023f2f5781ed2581f7782277df20bf2cfbc64cc89a108d9,0-17,F
0fc6a280223ac3cfbf175e020aaead49d72588677e24b45170c9a9048aa64035,46-60,F
5a34e3f3bfc32d19a5cbeded256716c483b2a2ba8444b80150319c08859ccd9f,18-30,F
5a34e3f3bfc32d19a5cbeded256716c483b2a2ba8444b80150319c08859ccd9f,18-30,F
431bbc9bb28a7a5e0bf25020314c9e2c077bcec5d4488d3ac5565978cd0a75fe,31-45,M
15fd27eb5581a4470d632fb8f63f155f85e2ae84e05544a2f9e169da810e6711,61+,F
881c00d2b84a6a006122b3980c9909139c98b62633c8c1648e5b2e9f4045482f,31-45,M
881c00d2b84a6a006122b3980c9909139c98b62633c8c1648e5b2e9f4045482f,31-45,M
42b2f00c2362470c0faed1b64dd4d198c5fedd20cd3ac38ab15aa583ae2185a4,0-17,M
afbd94f1848fd41087cc5acb8d09e72c4f5b0aad55a614d2754a32417907ca51,61+,F
3582c605ea764053d47c8e9913a86d0e1e99b74b7951ef23e72f8d034f75de90,61+,M
028cb64631392a377977c87bedcb83b08efa3795ef7252615e60dd9e8b72102e,18-30,M
1f68d46059da9b9a4a5c3336102586d3876540469f32e6a4145a3a2905a10279,61+,F
09d9f20b170cb65e13df0168ee65b5e40907a45c66b98230f59d7dd60c63a13a,0-17,F
09d9f20b170cb65e13df0168ee65b5e40907a45c66b98230f59d7dd60c63a13a,0-17,F
bc503e7c17113af4a5b4cf79fc6fb04e45dd046dd453e96f390000269063a205,61+,F
e7c39412523d8efa559edb6f28acdd154dbe16ba18f8dab0afeea3e4ab42e006,31-45,M
202a18c1cead1aefca4dd10f410a8f34d3810987db2370d290f9b59362b79bd0,61+,F
202a18c1cead1aefca4dd10f410a8f34d3810987db2370d290f9b59362b79bd0,61+,F
ae811a447c699265d2570253c132d8615b7113c7660a8c6187d1dbb621a8f169,18-30,F
2271c9268b10ca16a8458505c1f7f05fe98580f7411f2245579a82ba80687066,31-45,M
b97880ebfd72f0c28039111791d925472732f2506d801af8097c8a1081a4d51f,61+,F
34c9340fb7652ca435fdff9038ab148519b671b18baf1b2135edabfe3c3990ef,31-45,F
dc8011c04d95da8562c51fdfb92dc4d19e6f865742bc5f706bbb420e4da47fcc,0-17,F
dc8011c04d95da8562c51fdfb92dc4d19e6f865742bc5f706bbb420e4da47fcc,0-17,F
